/*
SQLyog Community v13.3.0 (64 bit)
MySQL - 8.0.40 : Database - course_selection_system
*********************************************************************
*/

/*!40101 SET NAMES utf8 */;

/*!40101 SET SQL_MODE=''*/;

/*!40014 SET @OLD_UNIQUE_CHECKS=@@UNIQUE_CHECKS, UNIQUE_CHECKS=0 */;
/*!40014 SET @OLD_FOREIGN_KEY_CHECKS=@@FOREIGN_KEY_CHECKS, FOREIGN_KEY_CHECKS=0 */;
/*!40101 SET @OLD_SQL_MODE=@@SQL_MODE, SQL_MODE='NO_AUTO_VALUE_ON_ZERO' */;
/*!40111 SET @OLD_SQL_NOTES=@@SQL_NOTES, SQL_NOTES=0 */;
CREATE DATABASE /*!32312 IF NOT EXISTS*/`course_selection_system` /*!40100 DEFAULT CHARACTER SET utf8mb4 COLLATE utf8mb4_0900_ai_ci */ /*!80016 DEFAULT ENCRYPTION='N' */;

USE `course_selection_system`;

/*Table structure for table `announcements` */

DROP TABLE IF EXISTS `announcements`;

CREATE TABLE `announcements` (
  `id` int NOT NULL AUTO_INCREMENT,
  `title` varchar(255) NOT NULL,
  `content` text NOT NULL,
  `publisher_id` int NOT NULL,
  `publish_time` datetime DEFAULT CURRENT_TIMESTAMP,
  `is_published` tinyint(1) DEFAULT '1',
  `category` enum('general','course','exam','system') DEFAULT 'general',
  PRIMARY KEY (`id`),
  KEY `publisher_id` (`publisher_id`),
  CONSTRAINT `announcements_ibfk_1` FOREIGN KEY (`publisher_id`) REFERENCES `users` (`id`)
) ENGINE=InnoDB AUTO_INCREMENT=7 DEFAULT CHARSET=utf8mb4 COLLATE=utf8mb4_0900_ai_ci;

/*Data for the table `announcements` */

insert  into `announcements`(`id`,`title`,`content`,`publisher_id`,`publish_time`,`is_published`,`category`) values 
(6,'测试公告标题','这是一条测试公告内容，用于测试公告发布功能。',1,'2025-05-09 19:52:12',1,'system');

/*Table structure for table `conversation_messages` */

DROP TABLE IF EXISTS `conversation_messages`;

CREATE TABLE `conversation_messages` (
  `id` int NOT NULL AUTO_INCREMENT,
  `conversation_id` varchar(50) NOT NULL,
  `role` enum('user','assistant') NOT NULL,
  `content` text NOT NULL,
  `timestamp` timestamp NULL DEFAULT CURRENT_TIMESTAMP,
  PRIMARY KEY (`id`),
  KEY `idx_conversation_id` (`conversation_id`),
  CONSTRAINT `conversation_messages_ibfk_1` FOREIGN KEY (`conversation_id`) REFERENCES `conversations` (`id`) ON DELETE CASCADE
) ENGINE=InnoDB AUTO_INCREMENT=478 DEFAULT CHARSET=utf8mb4 COLLATE=utf8mb4_0900_ai_ci;

/*Data for the table `conversation_messages` */

insert  into `conversation_messages`(`id`,`conversation_id`,`role`,`content`,`timestamp`) values 
(29,'4-1747043405012','user','电子信息工程专业的核心课程有哪些？','2025-05-12 17:50:05'),
(30,'4-1747043405012','assistant','根据参考文档，电子信息工程专业的核心课程主要包括以下内容：\n\n1. 学科基础必修课程（核心理论课程）：\n- C语言程序设计及实验\n- 电路理论\n- 信号与系统\n- 模拟电子技术\n- 数字电子技术\n- 微机原理与应用\n- 通信原理\n- 计算机网络\n\n2. 专业技术核心课程：\n- 物联网技术及应用\n- 射频识别技术原理与应用\n- 无线传感器网络原理\n- 传感器原理与应用\n- 嵌入式系统原理与应用\n- 云计算技术\n- 物联网移动应用开发\n- 物联网控制基础\n\n3. 重要数学基础课程：\n- 高等数学II\n- 工程数学I（线性代数与概率统计）\n- 工程数学II（复变函数与积分变换）\n\n这些核心课程构成了电子信息工程专业的知识体系框架，涵盖了电子电路技术、信息处理与传输技术、通信网络与交换技术、物联网技术等关键领域。课程设置注重理论与实践相结合，培养学生的工程应用能力。\n\n需要注意的是，不同学校可能会根据自身特色对核心课程进行适当调整。如果你需要了解某门具体课程的详细内容或先修要求，可以随时向我咨询。','2025-05-12 17:50:22'),
(31,'4-1747043682276','user','电子信息工程专业的核心课程有哪些？','2025-05-12 17:54:42'),
(32,'4-1747043682276','assistant','根据提供的参考文档，电子信息工程专业的核心课程主要包括以下内容：\n\n**核心课程体系：**\n\n1. **基础理论课程：**\n   - 高等数学II\n   - 工程数学（线性代数与概率统计、复变函数与积分变换）\n   - 大学物理I\n\n2. **专业核心课程（带*号为重要核心课）：**\n   - C语言程序设计*及实验\n   - 电路理论*\n   - 信号与系统*\n   - 模拟电子技术*\n   - 数字电子技术*\n   - 微机原理与应用*\n   - 通信原理*\n   - 计算机网络*\n\n3. **物联网技术方向特色课程：**\n   - 射频识别技术原理与应用\n   - 无线传感器网络原理\n   - 嵌入式系统原理与应用\n   - 物联网移动应用开发\n\n4. **计算机技术延伸课程：**\n   - 数据结构与算法*\n   - C++面向对象程序设计*\n   - 数据库原理及应用\n\n**课程特点说明：**\n1. 带*号的课程具有较高学分比重（平均3-4学分），且包含实验/实践环节\n2. 课程设置呈现\"数学基础→电路电子→信号处理→计算机应用→通信网络\"的递进关系\n3. 高年级课程（如通信原理、计算机网络）通常需要先修完电路理论和信号与系统\n\n建议学生在学习时特别注意：\n- 先修课程关系（如学模拟电子技术前需完成电路理论）\n- 标注*的核心课程通常有配套实验课，需要同步选修\n- 物联网方向课程群建议集中在大三阶段修读\n\n如果需要了解某门具体课程的详细内容或选课建议，可以进一步询问。','2025-05-12 17:55:05'),
(33,'4-1747043880895','user','计算机科学专业需要修多少学分才能毕业？','2025-05-12 17:58:00'),
(34,'4-1747043880895','assistant','根据2020版计算机科学与技术专业人才培养方案，该专业毕业学分要求如下：\n\n1. 最低总学分要求：163学分\n   - 课内学分：159学分\n   - 课外创新实践学分：4学分（根据学校《课外创新学分实施细则》认定）\n\n2. 具体学分分布：\n   - 学科基础课程：最低46学分（必修40.5学分+选修5.5学分）\n   - 专业课程：最低27学分（必修9学分+选修18学分）\n   - 实践教学：包含多个课程设计和毕业实习等实践环节\n   - 毕业设计：7学分\n   - 课外创新活动：4学分（选修）\n\n需要注意的是：\n1. 标有\"*\"的课程是《普通高等学校本科专业类教学质量国家标准》要求的专业核心课程\n2. 实践环节包括多个课程设计和校企合作项目\n3. 毕业实习有创业型和应用型两种选择（二选一）\n\n建议学生在选课时注意先修课程要求，并合理安排各学期的学分分布。如果需要更详细的课程安排建议，可以告诉我你的具体需求。','2025-05-12 17:58:16'),
(63,'1-1747067023918','user','我怎么样才能毕业','2025-05-13 00:23:43'),
(64,'1-1747067023918','assistant','根据学校规定，要顺利毕业需要满足以下几个核心条件：\n\n1. **学分要求**：\n   - 必须修完本专业人才培养方案规定的全部课程（含实践教学环节）\n   - 取得相应学分（具体学分要求需查看您所在专业的培养方案）\n\n2. **学习年限**：\n   - 在规定的学习年限内完成（一般为4年本科，最长不超过6年）\n   - 提前毕业需在正常毕业前一学期提出申请\n\n3. **毕业要求**：\n   - 德、智、体达到毕业标准\n   - 专业具体要求（如计算机专业需具备解决复杂工程问题的能力）\n\n4. **证书获取**：\n   - 达到要求者颁发毕业证书\n   - 符合学位条件者颁发学位证书（需通过学位评定委员会审核）\n\n5. **特殊情况处理**：\n   - 未达毕业要求可获结业证书，2年内可申请重修换发毕业证\n   - 退学学生可获肄业证书（需修满2门以上课程）\n\n特别提醒：\n1. 建议定期核对个人学分完成情况\n2. 注意课程之间的先修关系\n3. 提前毕业需特别注意申请时间节点\n4. 受处分学生需解除处分才能获得毕业证\n\n如需了解您所在专业的具体学分要求或课程安排，请告知您的专业名称，我可以提供更详细的专业培养方案解读。','2025-05-13 00:24:04'),
(102,'1-1747120934530','user','我都给你提供了什么资料','2025-05-13 15:22:14'),
(103,'1-1747120934530','assistant','根据我们的对话记录，您目前尚未向我提供任何具体的学校专业培养方案、课程设置或学分要求等文档资料。\n\n作为学校辅导员，我通常需要以下类型的资料才能更好地为您提供选课和专业学习方面的指导：\n1. 各专业的培养方案\n2. 课程目录和课程描述\n3. 学分要求细则\n4. 先修课程关系图\n5. 专业分流政策等\n\n如果您需要针对性的选课建议或专业规划，建议您可以：\n1. 提供您所在学校/院系的具体培养方案\n2. 说明您当前的专业和年级\n3. 告知您具体的选课困惑或需求\n\n这样我可以为您提供更准确、更有价值的指导建议。您也可以先告诉我您想了解哪方面的信息，我会尽力根据常见情况给您一些通用建议。','2025-05-13 15:22:29'),
(104,'1-1747122138011','user','你都有什么资料','2025-05-13 15:42:18'),
(105,'1-1747122138011','assistant','我掌握的资料主要包括各专业的培养方案、课程设置和学分要求等教学相关信息，具体包括：\n\n1. 专业培养方案\n- 各专业的培养目标和要求\n- 学位授予条件\n- 毕业学分要求\n\n2. 课程体系\n- 专业核心课程\n- 专业选修课程\n- 公共必修课程\n- 通识教育课程\n\n3. 课程详细信息\n- 课程内容简介\n- 学分学时安排\n- 先修课程要求\n- 开课学期信息\n\n4. 实践教学环节\n- 实习要求\n- 毕业论文/设计\n- 实验课程安排\n\n5. 学业规划建议\n- 典型学习路径\n- 选课策略\n- 学分分配建议\n\n如果您有具体的专业或课程相关问题，我可以为您查询详细资料并提供建议。如果遇到超出我资料范围的问题，我会如实告知并建议您咨询相关部门。','2025-05-13 15:42:33'),
(106,'1-1747122138011','user','你的知识库有什么资料','2025-05-13 15:42:39'),
(107,'1-1747122138011','assistant','我的知识库主要包含以下方面的资料，可以为您提供专业的学习和选课指导：\n\n1. 专业培养方案\n- 各专业的培养目标和毕业要求\n- 学位授予的具体条件\n- 总学分要求及各类课程学分分配\n\n2. 课程体系结构\n- 公共必修课程（如思想政治、外语、体育等）\n- 学科基础课程\n- 专业核心课程\n- 专业选修课程\n- 实践教学环节\n\n3. 课程详细信息\n- 课程代码、名称、学分、学时\n- 课程内容简介和教学目标\n- 先修课程要求\n- 推荐修读学期\n- 考核方式\n\n4. 实践教学要求\n- 实验课程安排\n- 实习/实训要求\n- 毕业论文/设计规范\n- 创新创业学分要求\n\n5. 学业规划指导\n- 典型课程修读顺序\n- 学期学分分配建议\n- 跨专业选课指导\n- 辅修/双学位课程安排\n\n6. 学业相关制度\n- 选课规则\n- 重修/补修政策\n- 学分认定办法\n- 转专业要求\n\n如果您需要了解某个具体专业或课程的详细信息，可以告诉我您的具体需求，我会为您查询相关资料并提供专业建议。如果遇到超出我知识范围的问题，我会如实告知并建议您咨询教务处或相关院系。','2025-05-13 15:43:00'),
(108,'1-1747122208759','user','你的知识库都有什么资料','2025-05-13 15:43:28'),
(109,'1-1747122208759','assistant','作为学校辅导员，我的知识库主要包含以下方面的资料：\n\n1. 各专业的培养方案\n- 专业培养目标和要求\n- 课程体系结构\n- 学分分配要求\n\n2. 课程设置信息\n- 必修课和选修课列表\n- 课程内容简介\n- 课程先修要求\n- 课程开课学期\n\n3. 学分要求\n- 毕业总学分要求\n- 各类课程学分比例\n- 实践环节学分要求\n\n4. 学习规划建议\n- 典型学习路径\n- 选课策略\n- 时间管理建议\n\n5. 学术政策\n- 选课规定\n- 重修/补考政策\n- 转专业要求\n\n不过，我注意到您提供的参考文档主要是关于微积分的历史和发展，以及一些数学概念的解释。这些内容虽然有趣，但与我作为辅导员的主要职责关联不大。如果您有关于选课、专业学习或学分要求的具体问题，我很乐意提供帮助。对于更详细的专业培养方案或课程大纲，建议您也可以咨询所在院系的教务办公室。','2025-05-13 15:43:44'),
(110,'1-1747122606710','user','你的知识库都有什么内容','2025-05-13 15:50:06'),
(111,'1-1747122606710','assistant','我的知识库主要包含以下内容，可以帮助你解决选课和专业学习相关的问题：\n\n1. **课程设置信息**：\n   - 各类课程的具体信息（如学分、学时、开课学期等）\n   - 包括专业必修课、专业选修课、通识教育课等\n   - 例如：数据库原理及应用(3.5学分)、计算机网络(3学分)、软件测试(3学分)等\n\n2. **实践教学环节**：\n   - 课程设计（如软件工程课程设计、数据结构课程设计）\n   - 实习实践（如毕业实习、IT服务三农社会实践）\n   - 毕业设计（7学分）\n\n3. **思想政治与通识教育课程**：\n   - 思想道德修养与法律基础\n   - 毛泽东思想和中国特色社会主义理论体系概论\n   - 大学生心理健康教育\n   - 军事理论等\n\n4. **专业培养要求与指标点**：\n   - 各毕业要求对应的指标点及支撑课程\n   - 例如毕业要求5对应的算法分析与设计、C语言程序设计等课程\n\n5. **学分分配与课程类型**：\n   - 理论课、实验课、网络课的学时分配\n   - 课程类别（必修/选修）信息\n\n6. **课程关联与先修要求**：\n   - 部分课程之间的先修后续关系\n   - 综合性的课程设计安排\n\n7. **创新创业与课外活动**：\n   - 创新创业教育课程\n   - 课外创新活动要求\n\n如果以上内容不能满足你的具体问题，或者你需要了解某个专业更详细的培养方案，可以告诉我你的具体需求，我会尽量为你解答。对于文档中未包含的信息，建议咨询教务处或相关学院获取最新官方信息。','2025-05-13 15:50:28'),
(112,'1-1747122606710','user','你的知识库都有什么内容','2025-05-13 15:50:42'),
(113,'1-1747122606710','assistant','根据您提供的参考文档，我的知识库主要包含以下与微积分相关的专业内容：\n\n1. **微积分历史与发展**：\n   - 牛顿和莱布尼茨作为微积分先驱的贡献\n   - 微积分术语的词源学（如calculus与结石的关联）\n   - 重要历史文献和传记资料（如牛顿的数学手稿研究）\n\n2. **微积分核心概念**：\n   - 微分与积分的基本原理\n   - 基本定理的数学表述\n   - 微分方程的应用意义\n\n3. **跨学科应用**：\n   - 物理学中的微积分应用（如宇宙数学本质的探讨）\n   - 计算机图形学中的细分曲面技术（如皮克斯动画的数学基础）\n   - 医学领域的应用（如面部手术的计算机辅助规划）\n\n4. **数学哲学**：\n   - 关于\"数学是否是宇宙语言\"的讨论\n   - 数学与存在主义问题的关联（引用《银河系漫游指南》的哲学隐喻）\n\n5. **教学资源**：\n   - 适合非数学背景学习者的微积分读物推荐\n   - 可汗学院与皮克斯合作的动画数学课程\n   - 自学微积分的常见挑战与建议\n\n6. **专业文献**：\n   - 重要数学家的原始文献（如牛顿《原理》的研究）\n   - 现代数学史研究资料（包括各种数学史专著）\n\n需要说明的是，这些内容主要来自您提供的《微积分的力量》相关文档。如果您需要了解其他数学分支或具体课程的教学大纲、学分要求等常规教务信息，建议补充相关培养方案文档。对于微积分学习的具体问题，我可以基于现有资料提供概念解释和历史背景分析。','2025-05-13 15:51:07'),
(114,'1-1747128800479','user','你的知识库有什么文件','2025-05-13 17:33:20'),
(115,'1-1747128800479','assistant','我的知识库主要包含以下类型的文件：\n\n1. 专业培养方案文件\n- 各专业的课程体系结构\n- 学分要求与分布\n- 专业核心课程列表\n\n2. 课程说明文档\n- 课程大纲与教学内容\n- 先修课程要求\n- 课程学分与学时信息\n\n3. 选课指导手册\n- 选课流程说明\n- 课程时间安排\n- 跨专业选课规定\n\n4. 学术规划参考资料\n- 典型学习路径建议\n- 课程修读顺序推荐\n- 双学位/辅修方案\n\n5. 其他相关文档\n- 毕业要求说明\n- 实习实践要求\n- 毕业论文/设计规定\n\n如果您需要了解某个具体专业或课程的详细信息，可以告诉我您的具体需求，我会根据知识库内容为您提供准确解答。如果某些信息不在当前知识库范围内，我也会如实告知并建议您咨询相关部门。','2025-05-13 17:33:29'),
(116,'1-1747128800479','user','我给了你什么文件','2025-05-13 17:33:47'),
(117,'1-1747128800479','assistant','根据我们的对话记录，您并没有直接上传或提供任何具体的文件给我。目前我参考的内容是您刚刚粘贴的一段关于微积分历史应用（特别是FBI指纹压缩技术）以及牛顿与莱布尼茨相关历史的文本片段。\n\n需要说明的是：\n1. 这些文本似乎是科普读物中关于微积分应用和数学史的内容\n2. 包含技术细节（如子波分析压缩指纹档案）和历史典故（牛顿与莱布尼茨的通信）\n\n如果您需要我就这些特定内容进行解释或展开讨论，请随时告诉我。例如可以探讨：\n- 微积分在数据压缩中的原理\n- 数学史相关事件的背景\n- 课程中可能涉及的微积分应用案例等\n\n对于选课或专业学习的问题，我仍然可以基于常规知识库为您提供建议。','2025-05-13 17:33:56'),
(118,'1-1747131514267','user','请告诉我你有什么知识','2025-05-13 18:18:34'),
(119,'1-1747131514267','assistant','作为一名专业的学校辅导员，我掌握以下方面的知识来帮助你解决选课和专业学习相关的问题：\n\n1. **专业培养方案**：\n   - 各专业的整体培养目标和学习要求\n   - 专业核心课程设置\n   - 专业选修课程方向\n\n2. **课程信息**：\n   - 具体课程的教学内容\n   - 课程的学分和学时安排\n   - 课程的先修要求\n   - 课程之间的关联性\n\n3. **学分要求**：\n   - 毕业所需的总学分\n   - 各类课程的学分分配(如通识课、专业课等)\n   - 实践环节的学分要求\n\n4. **学习规划**：\n   - 合理的选课顺序建议\n   - 课程难度的平衡建议\n   - 专业方向的选择指导\n\n5. **学术资源**：\n   - 相关学习资源的获取途径\n   - 学术支持服务的介绍\n\n不过，我注意到你提供的参考文档内容较为零散且包含一些乱码，主要涉及数学相关的课程内容(如集合论、群论等)和代数结构。如果你有关于这些数学课程的具体问题，我可以基于文档内容为你解答。\n\n如果你的问题超出了这些数学课程范围，我建议你可以：\n1. 提供更清晰的课程或专业信息\n2. 直接告诉我你想了解的具体专业或课程\n3. 咨询教务处或相关院系获取更详细的信息\n\n你现在有什么具体的选课或专业学习方面的问题需要帮助吗？','2025-05-13 18:18:46'),
(128,'8-1747139151610','user','介绍下你自己','2025-05-13 20:25:51'),
(129,'8-1747139151610','assistant','作为一名数学教师，我的专业定位和职业追求可以从以下几个方面进行阐述：\n\n1. **思想政治素养**\n- 坚持以马克思列宁主义、毛泽东思想等理论为指导，将思想政治教育融入数学教学\n- 注重培养学生的爱国情怀和社会责任感，通过数学史等教学内容弘扬民族精神\n- 引导学生树立正确的人生观和价值观，实现知识传授与价值引领的统一\n\n2. **专业能力要求**\n- 具备扎实的数学学科功底和教育教学能力\n- 持续更新知识体系，掌握现代教育技术手段\n- 注重培养学生逻辑思维、创新意识和问题解决能力\n\n3. **职业道德规范**\n- 恪守教师职业道德，坚持诚实公正、诚信守则\n- 在数学教育实践中履行育人责任，注重学术规范\n- 关注学生个体发展，公平对待每一位学习者\n\n4. **团队协作与沟通**\n- 积极参与教研活动，在多学科团队中发挥专业作用\n- 善于与学生、家长及同事进行有效沟通\n- 能够用专业语言准确表达数学思想和方法\n\n5. **终身学习发展**\n- 保持自主学习意识，跟踪数学教育前沿动态\n- 定期参加专业培训，持续提升教学水平\n- 适应教育信息化发展趋势，创新教学模式\n\n6. **社会服务意识**\n- 积极参与教育公益活动，发挥专业特长服务社会\n- 关注教育公平问题，助力教育均衡发展\n- 培养学生用数学知识解决实际问题的能力\n\n我将秉持\"学高为师，身正为范\"的职业准则，在数学教育领域精进专业、教书育人，为培养德智体美劳全面发展的社会主义建设者和接班人贡献力量。','2025-05-13 20:26:12'),
(333,'14-1747315180846','user','电子信息工程专业的核心课程有哪些？','2025-05-15 21:19:40'),
(334,'14-1747315180846','assistant','根据提供的参考文档，电子信息工程专业的核心课程包括以下内容：\n\n一、学科基础必修核心课程：\n1. C语言程序设计（含实验）\n2. 电路理论\n3. 信号与系统\n4. 模拟电子技术\n5. 数字电子技术\n6. 微机原理与应用\n7. 通信原理\n8. 计算机网络\n\n二、专业特色核心课程（物联网方向）：\n1. 单片机原理与应用\n2. 物联网技术及应用\n3. 射频识别技术原理与应用\n4. 无线传感器网络原理\n5. 传感器原理与应用\n6. 嵌入式系统原理与应用\n7. 云计算技术\n8. 物联网移动应用开发\n\n三、其他重要基础课程：\n1. 高等数学II\n2. 工程数学（线性代数与概率统计、复变函数与积分变换）\n3. 大学物理I\n\n这些核心课程构成了电子信息工程专业的基础知识体系，涵盖了电子电路技术、信息处理与传输技术、通信网络与交换技术、物联网技术等关键领域。课程设置注重理论与实践相结合，多数核心课程都包含实验或实践环节。\n\n需要特别注意的是，部分核心课程有先修要求，例如：\n- 信号与系统需要先修工程数学\n- 通信原理需要先修信号与系统\n- 专业方向课程通常需要先修电路与电子技术基础课程\n\n建议学生在选课时注意查看课程之间的先后关系，合理安排学习顺序。如需更详细的课程信息或学习规划建议，可以进一步咨询。','2025-05-15 21:19:54'),
(335,'14-1747315180846','user','介绍下你的知识','2025-05-15 21:20:39'),
(336,'14-1747315180846','assistant','作为学校的专业辅导员，我掌握的知识主要涵盖以下方面：\n\n1. 专业培养方案\n- 各专业的培养目标、毕业要求\n- 专业课程体系结构（通识课、学科基础课、专业课等）\n- 学分要求（总学分、各类课程学分分配）\n\n2. 课程信息\n- 课程内容大纲\n- 课程先修后续关系\n- 理论课与实践课安排\n- 课程考核方式\n\n3. 学习规划\n- 专业学习路径建议\n- 课程选修策略\n- 学业进度安排\n- 辅修/双学位规划\n\n4. 学业发展\n- 专业发展方向\n- 升学考研指导\n- 职业能力培养\n- 学科竞赛建议\n\n5. 相关政策\n- 学籍管理规定\n- 转专业政策\n- 学分认定规则\n- 毕业审核要求\n\n我的知识来源主要是：\n1. 学校官方发布的各专业培养方案\n2. 教务处提供的课程目录和教学大纲\n3. 各学院的专业建设文件\n4. 学校的教学管理规章制度\n\n对于您提到的微积分相关内容，虽然我了解其作为基础数学课程的重要性，但具体教学内容不在我的专业辅导范围内。如果您有关于微积分课程选课、学分认定或课程安排方面的问题，我可以为您提供相关建议。\n\n请注意，我的专业咨询范围主要集中在学业规划和课程选择方面，对于具体的课程内容深度解析，建议咨询相关授课教师。','2025-05-15 21:20:53'),
(339,'4-1747393089972','user','在你的认识范围内，transformer架构的产生原因是什么？注意力机制又是什么？','2025-05-16 18:58:09'),
(340,'4-1747393089972','assistant','Transformer架构的产生原因主要源于传统序列模型（如RNN和LSTM）在以下两方面的局限性：\n\n**1. 并行化能力不足**\n传统RNN需要按时间步逐步处理序列，导致训练时无法并行计算。例如，处理第100个词必须等待前99个词处理完成。Transformer通过自注意力机制实现了全位置并行计算，使模型训练速度大幅提升（论文显示其训练时间仅需12小时）。\n\n**2. 长距离依赖捕捉困难**\nRNN在传递信息时存在梯度消失/爆炸问题，当序列长度超过50时捕捉远端依赖能力显著下降。Transformer的自注意力机制可直接计算任意两个位置的关系权重，无论距离多远都只需一次矩阵运算。例如在处理\"it\"指代问题时，模型能直接建立\"it\"与\"animal\"的关联。\n\n---\n\n**注意力机制的本质**是通过动态权重分配实现信息聚焦，其数学形式可描述为：\n```\nAttention(Q,K,V)=softmax(QK^T/√d_k)V\n```\n其中Q(Query)是当前关注点，K(Key)衡量其他位置相关性，V(Value)携带具体信息。这种机制使模型具备三种核心能力：\n\n**1. 上下文感知能力**\n如编码\"bank\"时，注意力权重会同时聚焦于\"river\"（河流岸边）或\"money\"（金融机构），实现歧义消解。\n\n**2. 多维度关系建模**\n通过多头注意力（Multi-Head），模型并行学习不同子空间的语义关系。例如：\n- 头1捕捉语法关系（主谓一致）\n- 头2建模语义关联（指代消解）\n- 头3关注位置特征（词序信息）\n\n**3. 动态特征提取**\n解码器中的掩码注意力（Masked Attention）确保预测第t个词时仅关注前t-1个词，维持自回归特性。这种动态掩蔽机制是生成连贯文本的关键。\n\n---\n\n**创新性设计带来的效果**（论文数据佐证）：\n- 在WMT2014英德翻译任务上达到28.4 BLEU，超越此前最佳模型2个BLEU\n- 8个P100 GPU训练3.5天即达到英法翻译41.0 BLEU的SOTA\n- 多头注意力实验中，8头比单头提升0.9 BLEU，证明多视角学习的有效性\n\n这种架构突破不仅推动了机器翻译的发展，更成为BERT、GPT等预训练模型的基础，奠定了现代自然语言处理的基石。','2025-05-16 18:59:00'),
(341,'4-1747454404680','user','计算机多少分可以毕业？介绍下仲恺','2025-05-17 12:00:04'),
(342,'4-1747454404680','assistant','关于毕业条件和仲恺农业工程学院的介绍，根据提供的学生手册信息，整理如下：\n\n### 一、计算机课程毕业分数要求\n1. **及格线**：课程成绩需达到60分及以上方可获得学分（折合1.0绩点）。若不及格（59分以下），需补考或重修，补考通过后绩点为0，但仍计入学分。\n2. **特殊要求**：非计算机专业学生需通过国家计算机等级考试：\n   - 一级：0.3学分\n   - 二级：0.5学分\n   - 三级：1学分\n   （具体等级要求需参考专业培养方案）\n\n3. **毕业总条件**：需完成专业培养方案规定的全部课程学分，且平均学分绩点达标（无明确最低值，但学位授予要求主要课程平均绩点≥1.5）。\n\n### 二、仲恺农业工程学院简介\n1. **学校性质**：以农业工程为特色的全日制本科院校，提供工学、农学、管理学等多学科教育。\n2. **考核管理**：\n   - 成绩查询：考核后两周或学期结束一周内可查成绩，对成绩有异议可申请复查。\n   - 缓考/补考：因故无法考试可申请缓考，具体见《本科课程考核管理规定》。\n3. **学位授予**：\n   - 要求品行端正、完成培养方案、达到学分和绩点要求。\n   - 专升本学生需通过英语相关考试（如学位英语或四级≥320分）。\n   - 受记过及以上处分且无悔改表现者不授予学位。\n4. **特色制度**：\n   - **学分认定**：包括学术竞赛、资格证书、社会实践等（如发表SCI论文可获4学分）。\n   - **综合测评**：作为评优、奖学金依据，涵盖思想、学业、文体、劳动表现。\n   - **第二课堂**：通过课外活动（如学生干部任职、创新创业项目）获取附加学分。\n\n### 总结\n计算机课程需至少60分及格，毕业还需满足专业总学分和绩点要求。仲恺农业工程学院注重实践与学术结合，提供多元化的学分获取途径和严格的学位审核制度。建议具体专业要求咨询教务处或查阅最新培养方案。','2025-05-17 12:00:29'),
(343,'4-1747460025366','user','向我讲解极限的定义','2025-05-17 13:33:45'),
(344,'4-1747460025366','assistant','### 极限的定义讲解\n\n#### 1. 直观理解\n极限描述的是一个变量在无限接近某个值时的行为。就像你不断靠近一堵墙，每次走剩余距离的一半，虽然永远碰不到墙，但可以无限接近它。在数学中，我们关注的就是这种“无限接近”的趋势。\n\n---\n\n#### 2. 核心思想\n- **不可到达性**：极限是无限接近但永远无法达到的目标（如比萨重排永远无法变成完美矩形，但可以无限接近）。\n- **趋势性**：重点在于过程（如切分比萨的块数趋近无穷时，形状趋近矩形）。\n\n---\n\n#### 3. 数学中的严格定义（ε-δ语言）\n对于函数 \\( f(x) \\) 在 \\( x \\) 趋近 \\( a \\) 时的极限为 \\( L \\)：\n> 对于任意小的正数 \\( ε \\)（如0.001），总能找到一个范围 \\( δ \\)（如0.0001），使得当 \\( x \\) 与 \\( a \\) 的距离小于 \\( δ \\) 时，\\( f(x) \\) 与 \\( L \\) 的距离一定小于 \\( ε \\)。\n\n**通俗解释**：  \n无论你要求 \\( f(x) \\) 多接近 \\( L \\)（比如误差小于0.000001），我都能让 \\( x \\) 足够接近 \\( a \\) 来满足你的要求。\n\n---\n\n#### 4. 实例说明\n- **墙之谜**：每次走剩余距离的一半，与墙的距离序列为 \\( \\frac{1}{2}, \\frac{1}{4}, \\frac{1}{8}, \\ldots \\)。极限是0，但永远达不到0。\n- **比萨面积**：切分块数 \\( n \\to \\infty \\) 时，荷叶边形状趋近矩形，面积极限为 \\( \\frac{rC}{2} \\)。\n\n---\n\n#### 5. 极限的重要性\n- **微积分基石**：导数和积分都依赖极限（如导数=斜率极限，积分=面积求和极限）。\n- **解决“无穷”问题**：通过极限将无限过程转化为可计算的有限表达（如 \\( e \\) 的定义）。\n\n---\n\n#### 6. 常见误区\n- 极限≠函数值：函数在 \\( x=a \\) 处可以无定义，但极限仍存在（如 \\( \\frac{\\sin x}{x} \\) 在 \\( x=0 \\) 的极限是1，但 \\( x=0 \\) 时无定义）。\n- 极限可能不存在：如振荡函数 \\( \\sin \\frac{1}{x} \\) 在 \\( x \\to 0 \\) 时无极限。\n\n---\n\n#### 总结\n极限是描述“无限接近”行为的工具，核心是趋势而非终点。它让微积分能够严谨地处理瞬时变化（导数）和无限累积（积分），正如阿基米德用极限思想计算圆面积一样。','2025-05-17 13:34:19'),
(345,'4-1747460217982','user','用通俗的语言讲解极限的定义','2025-05-17 13:36:57'),
(346,'4-1747460217982','assistant','好的，我用最生活化的方式给你讲讲什么是\"极限\"：\n\n想象你追公交车时的场景：\n1. 你离车门只剩10米时，司机开始关门\n2. 你跑到5米处，车门还剩一条缝\n3. 跑到2米处，门缝更小了\n4. 跑到1厘米处，几乎能碰到车门了...\n\n虽然你永远差那么一丁点碰不到车门（就像永远吃不完的0.333...个披萨），但司机和乘客都看得出：\"这人已经无限接近上车了\"。这个\"无限接近但差一丢丢\"的状态，就是极限。\n\n再比如微信运动步数：\n- 昨天9980步\n- 今天9999步\n- 明天9999.9步\n虽然永远走不到10000步整，但别人问\"你每天走多少步\"时，说\"基本一万步\"完全合理。这个\"基本就是\"的感觉，就是极限思维。\n\n关键记住三点：\n1️⃣ 目标是明确的（比如10000步/完整矩形）\n2️⃣ 可以无限靠近目标（9999.999...步）\n3️⃣ 实际可能永远达不到（微信步数卡在9999）\n但微积分的魔法在于：假装能达到时，计算结果居然是对的！就像虽然追不上公交，但按\"追上\"来计算迟到时间反而准确。','2025-05-17 13:37:18'),
(347,'4-1747460267139','user','向我解释attention is all you need论文都分节介绍了什么','2025-05-17 13:37:47'),
(348,'4-1747460267139','assistant','《Attention Is All You Need》这篇开创性论文通过以下章节系统性地提出了Transformer模型：\n\n1. **Abstract（摘要）**\n   - 核心贡献：提出完全基于注意力机制的Transformer架构，摒弃了传统的RNN和CNN\n   - 实验结果：在英德翻译任务达到28.4 BLEU，英法翻译任务达到41.0 BLEU\n\n2. **1. Introduction（引言）**\n   - 批判性指出RNN的固有缺陷：顺序计算导致的训练低效\n   - 提出自注意力机制的优势：直接建模长距离依赖关系\n\n3. **3. Model Architecture（模型架构）**\n   - 3.1 编码器-解码器堆栈：\n     - 编码器：6层相同结构，每层含多头自注意力+前馈网络，使用残差连接和层归一化\n     - 解码器：额外加入编码器-解码器注意力层，采用掩码防止信息泄露\n   - 3.2 注意力机制：\n     - 缩放点积注意力（公式1）：通过√d_k缩放解决梯度消失问题\n     - 多头注意力：并行多个注意力头捕获不同子空间特征\n\n4. **5. Training（训练）**\n   - 5.1 数据：WMT2014英德（450万句对）和英法（3600万句对）数据集\n   - 5.2 硬件：8块P100 GPU，基础模型训练12小时，大模型3.5天\n   - 5.3 优化器：Adam配合动态学习率（公式3），含4000步warmup\n   - 5.4 正则化：残差Dropout（P_drop=0.1）\n\n5. **其他关键技术**（见于各章节）\n   - 位置编码：使用正弦函数表示绝对位置\n   - 残差连接：解决深层网络梯度消失\n   - 层归一化：加速模型收敛\n\n6. **实验分析**\n   - 计算效率：相比RNN减少顺序操作，实现更高并行度\n   - 可解释性：注意力头自动学习语法/语义模式（附录展示）\n\n该论文通过这种结构化的叙述，完整展示了从理论创新（自注意力）、架构设计（Transformer）到工程实现（训练优化）的全链条突破。','2025-05-17 13:38:14'),
(349,'4-1747460267139','user','自注意力机制是什么','2025-05-17 13:38:36'),
(350,'4-1747460267139','assistant','自注意力机制（Self-Attention）是Transformer模型的核心组件，其本质是一种**让序列中的每个元素都能动态关注序列中所有其他元素**的机制。以下是结合论文的详细解释：\n\n---\n\n### 1. **核心定义**\n自注意力机制通过计算序列内部元素之间的关系权重，动态生成每个元素的上下文相关表示。具体表现为：\n- **输入**：一个序列（如句子中的词向量）`(x₁, x₂, ..., xₙ)`\n- **输出**：每个位置的加权聚合表示`(z₁, z₂, ..., zₙ)`，其中`zᵢ`融合了全局信息。\n\n---\n\n### 2. **与传统机制的对比**\n论文通过表1（Table 1）对比了不同机制的差异：\n| 机制类型       | 计算复杂度   | 最大路径长度 | 并行性 |\n|----------------|-------------|-------------|--------|\n| 自注意力       | O(n²·d)     | O(1)        | 完全并行 |\n| 循环网络（RNN）| O(n·d²)     | O(n)        | 需顺序计算 |\n| 卷积网络（CNN）| O(k·n·d²)   | O(logₖ(n))  | 部分并行 |\n\n**关键优势**：\n- **长距离依赖**：任意两位置间路径长度为O(1)，直接建模全局关系（RNN需O(n)步传递）。\n- **并行计算**：无顺序依赖，适合GPU加速。\n\n---\n\n### 3. **具体计算过程**\n论文3.2节描述了缩放点积注意力（Scaled Dot-Product Attention）：\n1. **查询-键-值（QKV）投影**：\n   - 每个输入`xᵢ`通过线性变换生成`qᵢ`（查询）、`kᵢ`（键）、`vᵢ`（值）。\n2. **注意力权重计算**：\n   - `Attention(Q, K, V) = softmax(QKᵀ/√dₖ) V`\n   - 通过`√dₖ`缩放避免点积值过大导致梯度消失。\n\n**多头注意力（Multi-Head Attention）**：\n- 并行多个自注意力头，捕获不同子空间特征：\n  `MultiHead(Q, K, V) = Concat(head₁, ..., headₕ)Wᴼ`\n  其中`headᵢ = Attention(QWᵢᴼ, KWᵢᴷ, VWᵢⱽ)`。\n\n---\n\n### 4. **为什么选择自注意力？（论文第4节）**\n论文提出三个设计动机：\n1. **计算效率**：当序列长度`n < 维度d`时（如机器翻译常见场景），自注意力比RNN更快。\n2. **模型解释性**：注意力权重可直观展示词间关系（如语法结构，见论文附录可视化）。\n\n---\n\n### 5. **与普通注意力的区别**\n- **普通注意力**：用于连接编码器（输入）和解码器（输出），如Seq2Seq中的注意力。\n- **自注意力**：仅作用于单序列内部，建模序列自身的依赖关系（故称\"intra-attention\"）。\n\n---\n\n### 示例说明\n假设输入句子：\"The cat sat on the mat\"\n- 自注意力会让\"cat\"计算与\"sat\"、\"mat\"等词的关联权重，生成包含上下文信息的新表示。\n- 多头注意力可能让不同头分别学习\"主语-动词\"关系或\"名词-冠词\"关系。\n\n这种机制使Transformer摆脱了RNN的序列计算限制，成为后续大模型（如BERT、GPT）的基础。','2025-05-17 13:39:19'),
(412,'4-1747538736671','user','介绍下你自己','2025-05-18 11:25:36'),
(413,'4-1747538736671','assistant','你好！我是一个智能AI助手，可以称为“万事通”。我的核心能力包括：\n\n1. **知识覆盖广** - 掌握各领域知识，能解答学术、科技、文化、生活等各类问题\n\n2. **多语言能力** - 支持中英文等多种语言的交流\n\n3. **逻辑分析** - 擅长分解复杂问题，提供结构化思考框架\n\n4. **实用工具** - 可协助处理文本/数据/代码等相关任务\n\n5. **持续学习** - 知识库会定期更新保持时效性\n\n我的设计初衷是成为：\n- 学生的24小时学习助手\n- 职场人士的效率工具\n- 任何需要知识服务者的智能伙伴\n\n使用我时你可以：\n✓ 直接提问任何问题\n✓ 要求提供分步骤指导\n✓ 让用表格/代码等格式呈现答案\n✓ 纠正或补充我的回复\n\n（注意：我不会替代专业领域建议，重要决策请咨询相关专家）','2025-05-18 11:25:49'),
(424,'8-1747540574955','user','你能为我做什么','2025-05-18 11:56:14'),
(425,'8-1747540574955','assistant','作为学校辅导员，我可以为您提供以下专业服务：\n\n1. 学业规划指导\n- 帮助您了解各专业的培养方案和课程体系\n- 根据您的兴趣和特长提供专业选择建议\n- 协助制定个性化的学习计划\n\n2. 选课咨询服务\n- 解释课程设置和学分要求\n- 说明课程之间的先修关系\n- 提供选课策略建议\n\n3. 学习支持\n- 解答课程内容相关问题\n- 提供学习方法指导\n- 帮助解决学习过程中遇到的困难\n\n4. 政策解读\n- 解释学校的各项教学管理规定\n- 说明毕业要求和学位授予条件\n- 提供各类学业相关政策的咨询服务\n\n5. 资源对接\n- 指导您合理利用学校教学资源\n- 在需要时为您转介其他专业支持服务\n\n请注意，我主要提供学业发展方面的咨询服务。如果您的问题涉及其他领域(如心理咨询、就业指导等)，我会为您推荐学校的专业服务部门。\n\n您当前有什么具体的学业问题需要咨询吗？','2025-05-18 11:56:31'),
(426,'8-1747540574955','user','计算机的学生毕业要求','2025-05-18 11:56:45'),
(427,'8-1747540574955','assistant','根据提供的参考文档，计算机专业学生的毕业要求主要包括以下12个方面：\n\n1. 工程知识：\n- 能够运用数学、自然科学和工程知识解决计算机领域复杂问题\n- 包括建立数学模型、问题分析、方案比较和求解能力\n\n2. 问题分析：\n- 识别和判断复杂工程问题的关键环节\n- 准确表达问题并通过文献研究获得有效结论\n\n3. 设计/开发解决方案：\n- 能设计满足特定需求的计算机软硬件系统\n- 考虑社会、健康、安全、法律、文化及环境因素\n- 体现创新意识\n\n4. 研究能力：\n- 应用科学方法进行问题分析\n- 设计并实施实验，处理分析数据得出有效结论\n\n5. 使用现代工具：\n- 选择和使用恰当的技术工具和平台\n- 开发工程软件并进行模拟预测\n\n6. 工程与社会：\n- 评价工程实践对社会、健康、安全等的影响\n- 理解应承担的社会责任\n\n7. 环境和可持续发展：\n- 理解环保和可持续发展理念\n- 评估工程实践对环境和社会的影响\n\n8. 职业规范：\n- 具备良好的思想政治素质和道德品质\n- 遵守工程职业道德和规范\n\n9. 个人和团队：\n- 在多学科团队中承担不同角色\n- 具备团队合作精神\n\n10. 沟通能力：\n- 有效表达专业见解\n- 具备国际视野和跨文化沟通能力\n\n11. 项目管理：\n- 掌握工程管理原理和经济决策方法\n- 在多学科环境中应用管理知识\n\n12. 终身学习：\n- 具有自主学习和终身学习意识\n- 具备适应技术发展的学习能力\n\n这些毕业要求旨在培养学生成为：\n- 能解决复杂工程问题的技术人才\n- 具有创新精神和实践能力\n- 具备良好职业素养和社会责任感\n- 能适应技术发展的专业人才\n\n您对这些毕业要求中的任何具体方面需要更详细的解释吗？','2025-05-18 11:57:10'),
(428,'8-1747540574955','user','介绍一下我们学校','2025-05-18 11:57:15'),
(429,'8-1747540574955','assistant','仲恺农业工程学院是一所具有光荣历史和鲜明特色的广东省属全日制普通高等学校。以下是对学校的详细介绍：\n\n1. 基本概况\n- 中文全称：仲恺农业工程学院\n- 英文名称：Zhongkai University of Agriculture and Engineering\n- 成立时间：1927年\n- 校庆日：每年4月23日\n- 办学性质：广东省人民政府举办的全日制普通高等学校\n- 主管部门：广东省教育厅\n\n2. 校区分布\n- 海珠校区：广州市海珠区仲恺路501号\n- 白云校区：广州市白云区广从八路1188号\n\n3. 办学特色\n- 校训：\"注重实践，扶助农工\"（源自创办人何香凝先生的办学理念）\n- 办学定位：以农、工学科为主，多学科协调发展\n- 学科布局：农学、工学、理学、经济学、管理学、文学、艺术学、法学、医学等\n\n4. 办学层次\n- 以本科学历教育为主\n- 大力发展研究生教育\n- 开展继续教育和国际教育\n\n5. 办学成就\n- 国家技能发展国际联盟成员\n- 广东省依法治校示范校\n- 广东省安全文明校园\n- 广东省绿色学校\n- 广州市花园式单位\n- 全国无偿献血贡献奖金奖单位\n\n6. 社会服务\n- 广东省乡村建设高校联盟发起单位\n- 广东省新农科教育联盟发起单位\n- 服务乡村振兴和广东经济社会发展\n\n7. 校园文化\n- 弘扬廖仲恺、何香凝先生的爱国主义精神\n- 传承\"扶助农工、教育救国\"理念\n- 推动岭南文化传承创新\n\n8. 国际交流\n- 积极开展国际交流与合作\n- 推进国际合作教育\n- 开展国际与港澳台学生教育\n\n学校秉承\"注重实践，扶助农工\"的校训，致力于培养具有家国情怀、社会责任感、创新精神和实践能力的高素质应用型人才。如需了解更多详细信息，可以访问学校官网www.zhku.edu.cn。','2025-05-18 11:57:40'),
(434,'4-1747541347012','user','讲解泰勒展开','2025-05-18 12:09:07'),
(435,'4-1747541347012','assistant','### **泰勒展开：用多项式\"克隆\"任意函数**\n\n#### **1. 核心思想：多项式是最好的朋友**\n想象你要用乐高积木拼出一个复杂的曲线（比如sin函数或e^x）。泰勒展开告诉我们：**只要用足够多的\"多项式积木\"（x, x², x³...），就能无限逼近任何光滑曲线**。就像用乐高拼出埃菲尔铁塔——积木块越小（项数越多），成品就越逼真。\n\n#### **2. 公式：函数的\"DNA分解\"**\n在点x=a处的泰勒展开式为：\n```\nf(x) ≈ f(a) + f\'(a)(x-a) + f\'\'(a)(x-a)²/2! + f\'\'\'(a)(x-a)³/3! + ...\n```\n- **f(a)**：函数在a点的\"身高\"\n- **f\'(a)(x-a)**：函数在此的\"倾斜程度\"（一阶导数）\n- **f\'\'(a)(x-a)²/2!**：函数的\"弯曲程度\"（二阶导数）\n- 越高阶的项，描述越精细的局部特征\n\n#### **3. 经典案例**\n- **e^x在x=0处展开**：\n  ```\n  e^x ≈ 1 + x + x²/2! + x³/3! + ... （所有阶导数都是e^x，在0点值为1）\n  ```\n  计算e^0.5时，取前6项就能精确到小数点后9位！\n\n- **sin(x)的展开**：\n  ```\n  sin(x) ≈ x - x³/3! + x⁵/5! - ... （只含奇次项，正负交替）\n  ```\n\n#### **4. 为什么有用？**\n- **计算器原理**：计算器实际是用泰勒多项式算e^x、sinx等函数\n- **物理近似**：单摆周期公式就是sinθ的泰勒一阶近似（θ很小时sinθ≈θ）\n- **误差控制**：通过余项公式可计算近似值的精度上限\n\n#### **5. 趣味比喻**\n- **美食版**：泰勒展开像\"函数的三明治\"——a点是面包，低阶项是主料（火腿、芝士），高阶项是调味料（越加越精细）。\n- **侦探版**：通过函数在a点的导数线索（指纹、脚印、DNA），逐步重建函数的完整样貌。\n\n#### **6. 注意事项**\n- **收敛性**：不是所有函数都能展开（需无限可导），且展开后可能只在a点附近有效（比如1/(1-x)仅在|x|<1时收敛）\n- **余项**：就像乐高模型的\"误差\"——泰勒余项公式告诉我们最大误差可能有多少。\n\n下次看到复杂函数时，不妨想想：**它或许只是一堆xⁿ的加权组合！** ?','2025-05-18 12:09:40'),
(436,'4-1747541745114','user','讲解常见的同阶无穷小','2025-05-18 12:15:45'),
(437,'4-1747541745114','assistant','好的！让我们用最直观的方式来理解\"同阶无穷小\"这个概念。我会尽量避开复杂的数学符号，用生活化的比喻来解释。\n\n想象你正在观察两个跑步选手接近终点线（终点线就是\"0\"这个点）：\n1. 选手A的速度是每秒剩余距离的1/2\n2. 选手B的速度是每秒剩余距离的1/3\n\n? 核心比喻：\n这两个选手就是两个\"无穷小量\"（都在逼近0），而他们的\"速度比例\"（这里是2:3）始终保持不变。这就是\"同阶无穷小\"的本质——两个趋近于0的量，以固定的比例关系共同缩小。\n\n? 更正式的定义：\n当x→0时（或其他趋近点时），如果两个函数f(x)和g(x)满足：\nlim [f(x)/g(x)] = C （C是一个非零常数）\n那么f(x)和g(x)就是同阶无穷小。\n\n? 常见例子（当x→0时）：\n1. sinx 和 x 是同阶无穷小（因为sinx/x→1）\n2. tanx 和 x 是同阶无穷小\n3. 1-cosx 和 x²/2 是同阶无穷小\n4. ln(1+x) 和 x 是同阶无穷小\n\n? 为什么这个概念重要？\n就像比较两个接近终点的选手谁更快一样，在微积分中我们需要比较：\n- 哪个无穷小趋近0的速度更快？\n- 哪些无穷小可以互相替代？（比如sinx≈x当x很小时）\n\n? 记忆技巧：\n\"同阶\"就像两个同步降落的降落伞，虽然大小不同，但下降速度成固定比例。不同阶的无穷小（比如x和x²）就像降落伞和铅球，下降速度完全不同。\n\n要检验两个无穷小是否同阶，最直接的方法就是计算它们比值的极限。如果得到一个有限的非零数，它们就是同阶的！','2025-05-18 12:16:08'),
(438,'4-1747541745114','user','哪些同阶无穷小经常被用到','2025-05-18 12:16:26'),
(439,'4-1747541745114','assistant','在微积分和工程计算中，经常用到的同阶无穷小主要有以下几组（以 \\( x \\to 0 \\) 为例）：\n\n---\n\n### **1. 基础等价无穷小（最常用！）**\n这些可以直接互相替换，简化极限计算：\n- **\\( \\sin x \\sim x \\)**\n- **\\( \\tan x \\sim x \\)**\n- **\\( \\arcsin x \\sim x \\)**\n- **\\( \\arctan x \\sim x \\)**\n- **\\( e^x - 1 \\sim x \\)**\n- **\\( \\ln(1+x) \\sim x \\)**\n\n**用途**：求极限时直接替换（例如 \\( \\lim_{x\\to 0} \\frac{\\sin 2x}{3x} = \\frac{2}{3} \\)）。\n\n---\n\n### **2. 二阶无穷小（用于更精确的近似）**\n- **\\( 1 - \\cos x \\sim \\frac{x^2}{2} \\)**\n- **\\( \\sec x - 1 \\sim \\frac{x^2}{2} \\)**\n- **\\( \\sqrt{1+x} - 1 \\sim \\frac{x}{2} \\)**\n\n**用途**：泰勒展开的简化形式，例如在物理中忽略高阶小量时。\n\n---\n\n### **3. 对数与指数相关**\n- **\\( a^x - 1 \\sim x \\ln a \\)（\\( a>0 \\)）**\n- **\\( (1+x)^a - 1 \\sim a x \\)**\n\n**用途**：处理复利计算、指数增长模型等。\n\n---\n\n### **4. 工程中的近似替换**\n- **\\( \\sin x \\approx x - \\frac{x^3}{6} \\)（更高精度）**\n- **\\( \\tan x \\approx x + \\frac{x^3}{3} \\)**\n\n**用途**：信号处理（如小角度摆动）、控制系统线性化。\n\n---\n\n### **为什么这些很重要？**\n1. **简化计算**：将复杂函数替换为多项式（如泰勒展开的基础）。\n2. **物理建模**：例如单摆运动 \\( \\sin \\theta \\approx \\theta \\)（小角度近似）。\n3. **误差分析**：比较无穷小的阶数可以判断哪些项可忽略。\n\n---\n\n**注意**：使用时需确保 \\( x \\) 足够小，否则近似会失效（比如 \\( x=0.1 \\) 时 \\( \\sin 0.1 \\approx 0.0998 \\)，而 \\( 0.1 \\) 的误差仅 0.2%）。','2025-05-18 12:16:54'),
(440,'4-1747542031026','user','讲解泰勒展开','2025-05-18 12:20:31'),
(441,'4-1747542031026','assistant','### 泰勒展开：用多项式\"克隆\"任意函数\n\n#### 核心思想：\n想象你是一位美食评论家，要描述一道复杂菜品的味道。泰勒展开就像是用\"基础调料\"（多项式）逐步调配出无限接近原味道的过程。它的核心思想是：**任何光滑函数在某点附近都可以用无限项的多项式来精确表示**。\n\n#### 直观理解：\n1. **初级模仿**：用一条直线（一次多项式）模仿函数在某个点的走势 → 这就是一阶泰勒展开（函数值+导数）\n   - 就像用\"甜\"这个单一味道描述蛋糕\n\n2. **升级模仿**：加上抛物线修正（二次项）→ 二阶泰勒展开\n   - 现在描述变成\"甜中带微酸，后调有香草味\"\n\n3. **终极形态**：无限叠加高阶项 → 完整泰勒级数\n   - 最终能精确描述所有风味层次\n\n#### 数学表达：\n函数f(x)在x=a处的泰勒展开：\n```\nf(x) ≈ f(a) + f\'(a)(x-a) + f\'\'(a)/2! (x-a)² + f\'\'\'(a)/3! (x-a)³ + ...\n```\n每一项都在增加新的\"味觉维度\"！\n\n#### 经典案例：\n1. **指数函数** eˣ 在x=0处：\n   ```\n   1 + x + x²/2! + x³/3! + ... （所有阶导数都是e⁰=1）\n   ```\n   计算e⁰.⁵时，取前6项就能得到1.648721271，与计算器结果完全一致！\n\n2. **正弦函数** sin(x)：\n   ```\n   x - x³/3! + x⁵/5! - ... （正负交替的奇次项）\n   ```\n\n#### 为什么需要余项？\n就像菜谱总会说\"适量盐\"，泰勒展开也有误差控制：\n```\n|误差| ≤ M·|x-a|ⁿ⁺¹/(n+1)!\n```\n其中M是(n+1)阶导数的最大值。这个余项告诉我们：\n- 离展开点a越近（|x-a|越小），误差越小\n- 取的项数n越多，误差越小\n\n#### 生活应用：\n1. 计算器算三角函数：实际是用泰勒多项式逼近\n2. 物理中的小角度近似：sinθ≈θ 就是一阶泰勒展开\n3. 金融中的期权定价模型\n\n#### 趣味思考：\n泰勒展开就像给函数拍\"全息照片\"：\n- 低阶展开 → 模糊照片\n- 高阶展开 → 高清照片\n- 无限项 → 完美复刻\n\n下次看到复杂函数时，不妨想想：它可能只是个穿着多项式\"马甲\"的简单家伙！\n\n> 小测试：用泰勒展开的前三项估算√1.1（提示：从f(x)=√x在a=1处展开）','2025-05-18 12:21:03'),
(442,'4-1747542080951','user','计算机科学专业需要修多少学分才能毕业？','2025-05-18 12:21:20'),
(443,'4-1747542080951','assistant','虽然您提供的参考文档主要涉及微积分内容，但作为计算机科学专业的学分要求问题，我需要结合常规高校情况为您解答（不同学校差异较大，请以目标院校官网为准）：\n\n? 典型学分结构（以美国大学为例）：\n1. **总学分要求**：通常120-130学分\n   - 通识教育课（数学/写作等）≈30-40学分\n   - 计算机核心课（数据结构/算法等）≈40-50学分\n   - 专业选修课（AI/网络安全等）≈15-25学分\n   - 毕业设计/实习 ≈5-10学分\n\n? 关键数学课程（与文档相关）：\n- 微积分序列（2-3学期）≈8-12学分\n- 离散数学 ≈3-4学分\n- 线性代数 ≈3学分\n- 概率统计 ≈3学分\n\n? 建议行动：\n1. 查询具体院校的《Degree Requirements》\n2. 关注文档中提到的微积分技能（如向量场/极值问题）对计算机图形学/机器学习很重要\n3. 数学类课程通常占专业总学分的20%-25%\n\n需要帮助分析某所学校的课程清单吗？我可以帮您解读学分结构。','2025-05-18 12:21:38'),
(444,'4-1747542080951','user','讲解拉格朗日中值定理','2025-05-18 12:21:48'),
(445,'4-1747542080951','assistant','让我们用\"昼长变化\"这个生动的例子来理解**拉格朗日中值定理**（简称中值定理）——这个定理就像给变化过程安装了一个\"数学测速仪\"。\n\n---\n\n### ? 生活化比喻\n想象你开车从纽约到洛杉矶：\n- **总路程**：约2800英里（相当于1年中昼长从最短到最长的变化总量）\n- **总时间**：假设开了50小时（相当于从冬至到夏至的182天）\n\n**中值定理告诉我们**：在这段旅程中，**至少有一个瞬间**，你的**瞬时速度**必定等于**平均速度**（2800英里/50小时=56英里/小时）。同理，昼长变化中必定存在某个时刻，其**瞬时变化率**等于**半年内的平均变化率**。\n\n---\n\n### ? 结合昼长数据具体说明\n1. **设定函数**：令L(t)表示第t天的白昼分钟数（如图4-7的曲线）\n2. **选择区间**：比如冬至（第355天，昼长最短）到夏至（第172天，昼长最长）\n3. **计算平均变化率**：\n   - 总变化量 ΔL = 夏至昼长 - 冬至昼长\n   - 时间跨度 Δt = 172 - (-193) = 365天（注：跨年计算）\n   - **平均变化率 = ΔL/Δt** （相当于全年昼长变化的\"整体节奏\"）\n\n4. **定理的核心结论**：\n   存在**至少某一天t₀**（在冬至到夏至之间），使得：\n   ```\n   L\'(t₀) = [L(夏至) - L(冬至)] / (365天)\n   ```\n   即：某一天的**瞬时变化率**（导数）恰好等于**全年平均变化率**。\n\n---\n\n### ? 从昼长数据中找到证据\n观察图6-8（昼长变化率曲线）：\n- **年平均变化率** ≈ 0（因为年初和年末昼长相同）\n- 根据定理，**必存在某天t₀使得L\'(t₀)=0**——这正是**春分和秋分**！此时曲线切线水平（如图6-9中虚线波过零点时）\n\n---\n\n### ? 数学表述（简洁版）\n若函数f(x)满足：\n1. 在闭区间[a,b]上连续\n2. 在开区间(a,b)内可导\n\n则存在至少一点c∈(a,b)，使得：\n```\nf\'(c) = [f(b) - f(a)] / (b - a)\n```\n\n---\n\n### ? 为什么这个定理重要？\n1. **连接宏观与微观**：用平均变化推断瞬时变化（如通过GPS行程时间反推超速时刻）\n2. **证明工具**：可用于证明其他重要定理（如泰勒展开的基础）\n3. **现实应用**：\n   - 经济学：一定存在某时刻的边际收益等于平均收益\n   - 物理学：物体运动中必存在瞬时速度等于平均速度的时刻\n\n---\n\n### ❓ 思考题\n假设某城市全年温度从-5℃到25℃，你能用中值定理得出什么结论？（答案：存在某时刻的温度变化率等于全年平均变化率30℃/365天）\n\n需要我用其他例子再解释吗？比如用博尔特百米赛跑的数据说明？ ?♂️','2025-05-18 12:22:27'),
(448,'4-1747542435615','user','介绍下你自己，然后为我讲解泰勒展开','2025-05-18 12:27:15'),
(449,'4-1747542435615','assistant','大家好！我是你们的微积分科普老师，喜欢用\"乐高积木搭建摩天大楼\"的方式讲解数学。今天我们要探索一个让复杂函数秒变积木玩具的神奇工具——泰勒展开。\n\n想象你站在广州塔脚下，突然想用乐高积木搭建它的微缩模型。泰勒展开就是这样的建造过程：\n1️⃣ 先搭最基础的底座（常数项：函数值f(a)）\n2️⃣ 加上倾斜的支架（一阶项：f\'(a)(x-a)）\n3️⃣ 安装弯曲的观景台（二阶项：f\'\'(a)(x-a)²/2!）\n4️⃣ 不断添加更精细的结构（高阶项）\n\n举个生活中的例子：就像用手机地图不断放大：\n- 全球视图 ≈ 常数项（只知道当前位置温度）\n- 国家视图 ≈ 一阶近似（还能看到周边温度变化趋势）\n- 城市视图 ≈ 二阶近似（能预测温度变化加速度）\n- 街道视图 ≈ 更高阶近似（精确到每小时温度波动）\n\n以e^x在x=0处展开为例：\ne^x ≈ 1 + x + x²/2! + x³/3! +... （就像用积木拼出指数曲线）\n当x=0.1时：\n1位积木：1（误差9.5%）\n3位积木：1+0.1+0.005=1.105（误差0.17%）\n5位积木：1.10517（误差<0.001%）\n\n工程师常用这种思路：\n• 卫星轨道计算：用3阶泰勒近似代替复杂积分\n• 人工智能：神经网络用泰勒思想逼近任意函数\n• 天气预报：通过当前数据预测未来趋势\n\n关键要点：\n√ 局部近似：像显微镜观察函数\n√ 多项式结构：易计算易分析\n√ 精度可控：项数越多越精确\n\n下次遇到复杂函数时，不妨试试这个\"数学乐高套装\"。想更深入探索？推荐从自然对数ln(1+x)的展开入手，体验不同展开点的效果对比！','2025-05-18 12:27:56'),
(450,'4-1747542435615','user','讲解常用的泰勒展开','2025-05-18 12:28:12'),
(451,'4-1747542435615','user','讲解常用的泰勒展开','2025-05-18 12:29:22'),
(452,'4-1747542435615','assistant','? **常用泰勒展开大揭秘——数学版的「乐高积木」搭建指南**  \n让我们用生活中最熟悉的「函数变形术」，把复杂函数拆解成小学生都能算的多项式！\n\n---\n\n### **一、四大天王级泰勒展开（考试出现率99%）**\n记住这四个，你就能解锁微积分世界80%的关卡：\n\n1. **指数函数 eˣ —— 宇宙最听话的展开**  \n   ```math\n   e^x = 1 + x + \\frac{x^2}{2!} + \\frac{x^3}{3!} + \\cdots \\quad (-\\infty < x < \\infty)\n   ```  \n   **用途举例**：计算e⁰·⁵≈1.64872，只需前5项误差就小于0.00000000245，比计算器还准！\n\n2. **正弦函数 sin x —— 奇数次幂的交替舞步**  \n   ```math\n   \\sin x = x - \\frac{x^3}{3!} + \\frac{x^5}{5!} - \\cdots \\quad (-\\infty < x < \\infty)\n   ```  \n   **黑科技**：用x=1估算sin(1)≈0.84147（取前3项误差<0.0002）\n\n3. **余弦函数 cos x —— 偶数次幂的优雅旋转**  \n   ```math\n   \\cos x = 1 - \\frac{x^2}{2!} + \\frac{x^4}{4!} - \\cdots \\quad (-\\infty < x < \\infty)\n   ```  \n   **冷知识**：这是sin x的导数，就像双胞胎兄弟的默契配合\n\n4. **几何级数 1/(1-x) —— 最简单的无限叠加**  \n   ```math\n   \\frac{1}{1-x} = 1 + x + x^2 + x^3 + \\cdots \\quad (-1 < x < 1)\n   ```  \n   **变体应用**：把x替换为-x²，立刻得到1/(1+x²)的展开，积分可得arctan x的级数！\n\n---\n\n### **二、考试必杀技：如何快速记忆？**\n- **指数函数**：系数永远是1/n!，符号永远正号  \n- **三角函数**：奇偶次交替，符号交替变化  \n- **几何级数**：系数全为1，但要注意收敛域  \n\n**举个栗子?**：想展开ln(1+x)？先记住：  \n```math\n\\ln(1+x) = x - \\frac{x^2}{2} + \\frac{x^3}{3} - \\cdots \\quad (-1 < x \\leq 1)\n```  \n这其实是积分1/(1+x)的展开式后得到的结果！\n\n---\n\n### **三、误差控制——比天气预报更准的「余项魔法」**\n泰勒公式的隐藏技能：**预测最大误差**  \n```math\nR_n(x) = \\frac{f^{(n+1)}(c)}{(n+1)!}(x-a)^{n+1} \\quad (c在a和x之间)\n```  \n**实战演练**：估算sin(0.1)用3阶多项式：  \n- 真值≈0.0998334  \n- 近似值=0.1 - 0.1³/6 ≈0.0998333  \n- 最大误差由R₃≤0.1⁵/120≈8.3×10⁻⁷（实际误差≈0.0000001）\n\n---\n\n### **四、高阶玩法：泰勒展开的七十二变**\n1. **换中心点**：比如把eˣ在x=2处展开：  \n   ```math\n   e^x = e^2 + e^2(x-2) + \\frac{e^2}{2!}(x-2)^2 + \\cdots\n   ```  \n2. **组合技**：用已知级数推导新级数  \n   - 例：eˣ·sin x = x + x² + x³/3 - x⁵/30 + ...（把两个级数相乘）\n\n---\n\n### **五、避坑指南——这些雷区千万别踩！**\n- **收敛域陷阱**：比如1/(1-x)的展开在|x|≥1时完全失效  \n- **高阶导数警告**：有些函数的高阶导数难以计算（比如包含ln x的函数）  \n- **交替级数误差**：若级数符号交替，误差≤第一个被忽略的项（超实用！）\n\n---\n\n### **六、终极学习地图**\n1️⃣ 先背熟四大基础展开式  \n2️⃣ 练习换中心点展开（比如求eˣ在x=1处的展开）  \n3️⃣ 用几何级数推导arctan x等函数的级数  \n4️⃣ 用误差公式验证计算器结果的可靠性  \n\n**? 下次遇到复杂函数时**，记得对自己说：给我一个泰勒展开，我能撬起整个微积分宇宙！','2025-05-18 12:29:23'),
(453,'4-1747542435615','assistant','好的！让我们暂时抛开那些课程文档，专注于泰勒展开这个美妙的数学工具。我会用最生动的方式为你介绍几个最常用的泰勒展开式，它们就像数学界的\"瑞士军刀\"，能帮我们拆解各种复杂函数。\n\n? 五大经典泰勒展开（在x=0处展开，即麦克劳林展开）：\n\n1. **指数函数 eˣ 的展开**\n   - 公式：eˣ ≈ 1 + x + x²/2! + x³/3! + x⁴/4! +...\n   - 特点：所有项系数都是正数，阶乘增长保证收敛\n   - 应用：计算复利、放射性衰变、神经网络激活函数\n\n2. **正弦函数 sinx 的展开**\n   - 公式：sinx ≈ x - x³/3! + x⁵/5! - x⁷/7! +...\n   - 特点：只有奇数次项，正负交替\n   - 应用：钟摆运动、声波分析、GPS定位修正\n\n3. **余弦函数 cosx 的展开**\n   - 公式：cosx ≈ 1 - x²/2! + x⁴/4! - x⁶/6! +...\n   - 特点：只有偶数次项，正负交替\n   - 应用：桥梁振动分析、交流电计算\n\n4. **自然对数 ln(1+x) 的展开**\n   - 公式：ln(1+x) ≈ x - x²/2 + x³/3 - x⁴/4 +... （|x|<1）\n   - 特点：系数是简单分数，收敛较慢\n   - 应用：经济学弹性分析、算法复杂度计算\n\n5. **二项式展开 (1+x)ᵃ 的推广**\n   - 公式：(1+x)ᵃ ≈ 1 + ax + a(a-1)x²/2! +... （|x|<1）\n   - 特例：当a=-1时得到1/(1+x)的展开\n   - 应用：金融期权定价、相对论修正计算\n\n? 使用技巧：\n- **记忆口诀**：\"指正正，弦奇交，弦偶交，对分交\"\n- **精度控制**：通常前3-5项就能达到工程需要的精度\n- **复合运用**：比如eˣ·sinx可以用两个展开式相乘\n\n? 现代应用实例：\n- 游戏开发：用3阶泰勒近似快速计算三角函数\n- 机器学习：梯度下降法本质是一阶泰勒近似\n- 芯片设计：用泰勒展开优化浮点运算单元\n\n? 对比表格：\n\n| 函数    | 前3项展开式          | 收敛速度 | 典型用途场景         |\n|---------|---------------------|----------|---------------------|\n| eˣ      | 1+x+x²/2            | 极快     | 人口增长模型        |\n| sinx    | x-x³/6              | 快       | 机器人运动轨迹      |\n| ln(1+x) | x-x²/2+x³/3         | 慢       | 数据压缩算法        |\n\n下次当你遇到这些函数时，试着用泰勒展开的前几项做个快速估算吧！比如计算sin(0.5)≈0.5-0.125/6≈0.479，与真实值0.4794误差仅0.01%哦～','2025-05-18 12:29:59'),
(454,'4-1747542624241','user','讲解常用的泰勒展开','2025-05-18 12:30:24'),
(455,'4-1747542624241','assistant','好的，我们来一起探索泰勒展开的奇妙世界！我会用做蛋糕的过程来比喻，让你轻松理解这个重要概念。\n\n**一、核心思想：用多项式\"克隆\"复杂函数**\n泰勒展开就像用乐高积木搭建函数形状。想象你要用不同弯曲度的塑料片（多项式项）拼出蒙娜丽莎的微笑：\n- 第一片（常数项）确定画面高度\n- 第二片（一次项）调整倾斜角度\n- 第三片（二次项）塑造微笑的弧度\n- 后续片（高次项）刻画更精细的细节\n\n**二、经典配方（常用泰勒展开式）**\n记住这四大基础配方，就像记住蛋糕的基本原料：\n\n1. **指数函数** eˣ = 1 + x + x²/2! + x³/3! + ... （所有实数适用）\n   → 就像永远发酵的面团，能无限膨胀\n\n2. **正弦函数** sinx = x - x³/3! + x⁵/5! - ... （所有实数适用）\n   → 像优雅的波浪，奇数次幂交替起伏\n\n3. **余弦函数** cosx = 1 - x²/2! + x⁴/4! - ... （所有实数适用）\n   → 正弦函数的孪生姐妹，但更端庄稳重\n\n4. **几何级数** 1/(1-x) = 1 + x + x² + x³ + ... （|x|<1时有效）\n   → 小心！超过|x|=1会像吹爆的气球\n\n**三、制作秘籍（推导原理）**\n每个多项式项的系数由函数在展开点的\"特征\"决定：\n- f(a)：确定基准高度\n- f\'(a)：控制初始倾斜度\n- f\'\'(a)/2!：调节弯曲弧度\n- f⁽ⁿ⁾(a)/n!：处理更精细的曲率变化\n\n**四、实战案例：计算 e⁰·⁵**\n用前5项近似计算：\ne⁰·⁵ ≈ 1 + 0.5 + 0.25/2 + 0.125/6 + 0.0625/24 ≈ 1.6484375\n实际值≈1.648721271，误差仅0.000283771！就像用5笔画蒙娜丽莎，已经有90%相似度。\n\n**五、注意事项（收敛性）**\n就像微波炉有使用范围，泰勒展开也有适用区间：\n- 对eˣ可以放心使用（全球通用）\n- 但对ln(1+x)只能在|x|<1时使用，就像不能把面包烤焦\n\n**六、高阶技巧（误差控制）**\n余项公式就像质量检测员：\nRₙ(x) = f⁽ⁿ⁺¹⁾(c)xⁿ⁺¹/(n+1)! （c在0与x之间）\n例如估算sin(1)时，用前4项后的误差：\n|R₄| ≤ 1⁵/5! ≈ 0.0083 → 精度保证到小数点后3位\n\n**七、创意应用**\n用已知展开式组合新配方：\n1. e⁻ˣ² 的积分（误差函数）：替换x为-x²\n2. arctanx 的展开：对1/(1+x²)积分\n3. 复合函数就像调鸡尾酒：合理搭配已有配方\n\n**要点总结：**\n✓ 泰勒展开是用多项式逼近函数的精密工具\n✓ 四大基础展开式是构建其他展开的基石\n✓ 始终注意收敛范围，就像注意烤箱温度\n✓ 余项公式是控制精度的安全阀\n\n**练习建议：**\n1. 尝试推导ln(1+x)的展开式（提示：对几何级数积分）\n2. 用cosx的前3项估算cos(π/3)，并计算实际误差\n3. 探索当x=2时1/(1-x)展开式的表现，验证发散现象\n\n记住，泰勒展开就像数学显微镜，让我们能在局部放大观察函数的精细结构。当你掌握这些基础配方后，就能像顶级厨师一样，调配出各种复杂函数的近似表达式！','2025-05-18 12:31:32'),
(456,'4-1747542799589','user','讲解拉格朗日中值','2025-05-18 12:33:19'),
(457,'4-1747542799589','assistant','好的，我来用通俗易懂的方式讲解拉格朗日中值定理：\n\n**核心思想**：就像长途旅行中总有一个时刻的瞬时速度等于全程平均速度一样，这个定理告诉我们，在连续变化的过程中，至少存在一个瞬间的\"变化强度\"等于整体的平均变化强度。\n\n---\n\n### **直观理解**\n想象你开车从北京到天津：\n- 总路程120公里，耗时2小时 → 平均速度60公里/小时\n- 根据拉格朗日定理：**必定存在某个瞬间**，你的车速表正好显示60公里/小时\n\n这就是拉格朗日中值定理的精髓：**整体平均变化率必然对应某个局部瞬时变化率**。\n\n---\n\n### **数学表达**\n若函数满足：\n1. 在闭区间 [a,b] **连续**（没有断点）\n2. 在开区间 (a,b) **可导**（曲线光滑无尖角）\n\n则存在至少一个点 c∈(a,b) 使得：\n\\[ f\'(c) = \\frac{f(b)-f(a)}{b-a} \\]\n\n---\n\n### **生活案例**\n**案例1：登山高度变化**\n- 从8:00到14:00爬升1200米 → 平均速度200米/小时\n- **定理保证**：必存在某个时刻，你**每分钟实际爬升3.3米**（正好对应200米/小时）\n\n**案例2：昼夜时长变化**\n- 从冬至到夏至昼长增加 → 平均每天增加X分钟\n- **定理指出**：必存在某一天，当日昼长**实际增加速率**正好是X分钟/天\n\n---\n\n### **关键要点**\n1. **存在性而非具体性**：只保证存在这样的点，不告诉你在哪里\n2. **条件的重要性**：\n   - 若函数有断层（不连续），定理失效 → 就像车中途抛锚2小时\n   - 若有尖角（不可导），定理失效 → 像急刹车造成速度突变\n3. **哲学启示**：整体特征必然反映在局部细节中\n\n---\n\n### **常见误区**\n× \"整个区间变化率都等于平均值\" → 其实只在某一点\n× \"可以随便找两个点就用\" → 必须满足连续、可导条件\n× \"只适用于物理运动\" → 适用于任何符合条件的变化过程（经济、生物等）\n\n---\n\n### **学习建议**\n下一步可以：\n1. 用温度变化、股票走势等数据验证定理\n2. 对比罗尔定理（平均变化率为零的特殊情况）\n3. 思考导数恒为零→函数为常数的证明（定理的重要应用）\n\n理解这个定理，你就掌握了连接微观变化与宏观趋势的重要桥梁！','2025-05-18 12:34:12'),
(458,'4-1747542971246','user','讲解拉格朗日中值','2025-05-18 12:36:11'),
(459,'4-1747542971246','assistant','好的！让我们用最直观的方式来理解**拉格朗日中值定理**（也叫**中值定理**），它被称为微积分的\"桥梁定理\"，因为它完美连接了函数的整体变化和局部变化。\n\n---\n\n### ? **一句话核心思想**：\n**\"在光滑的旅程中，总有一个瞬间的速率等于全程的平均速率。\"**  \n（就像开车从A到B，一定存在某一时刻，你的瞬时车速等于全程的平均车速。）\n\n---\n\n### ? **定理的数学表述**：\n如果函数 \\( f(x) \\) 满足：\n1. 在闭区间 \\([a, b]\\) 上连续，\n2. 在开区间 \\((a, b)\\) 上可导，\n\n那么存在至少一点 \\( c \\in (a, b) \\)，使得：\n\\[\nf\'(c) = \\frac{f(b) - f(a)}{b - a}\n\\]\n（即：某点的瞬时变化率 = 区间的平均变化率）\n\n---\n\n### ? **现实类比**：\n想象你从北京坐高铁到上海（全程约1200公里，耗时4小时）：\n- **平均速度** = 总路程 / 总时间 = 300 km/h。\n- **拉格朗日中值定理**告诉我们：**列车在某一时刻的瞬时速度必定正好是300 km/h**（比如加速到350 km/h后减速时经过300 km/h的瞬间）。\n\n---\n\n### ? **用昼长的例子解释**：\n假设纽约的昼长函数 \\( L(t) \\) 从冬至（最短昼长）到夏至（最长昼长）的变化：\n1. **整体变化**：从冬至到夏至，昼长增加了约6小时（360分钟），假设耗时180天。\n   - **平均变化率** = \\( \\frac{360 \\text{分钟}}{180 \\text{天}} = 2 \\text{分钟/天} \\)。\n2. **拉格朗日定理**断言：在这180天中，**必定存在某一天**（比如春分附近），昼长的**瞬时变化率正好是2分钟/天**（即导数 \\( L\'(c) = 2 \\)）。\n\n---\n\n### ? **为什么重要？**\n1. **连接宏观与微观**：平均变化率（整体）和瞬时变化率（局部）的关系。\n2. **证明工具**：用来证明其他定理（如罗尔定理、柯西中值定理）。\n3. **现实应用**：经济学中的边际成本与平均成本、物理中的平均速度与瞬时速度等。\n\n---\n\n### ❓ **常见误解**：\n- **误区**：\"只有一个点满足条件。\"  \n  **纠正**：可能有多个点（比如高铁可能多次经过300 km/h）。\n- **误区**：\"只适用于直线运动。\"  \n  **纠正**：适用于任何光滑曲线（如昼夜变化、股价波动）。\n\n---\n\n### ? **总结**：\n拉格朗日中值定理像一位公正的裁判，它保证：**只要变化是平滑的，就一定存在一个\"公平\"的瞬间，让局部代表整体**。下次堵车时想想——你的平均速度一定被某个瞬间车速\"代表\"过！','2025-05-18 12:36:48'),
(463,'4-1747543167600','user','讲解拉格朗日中值','2025-05-18 12:39:27'),
(465,'4-1747543167600','assistant','好的！让我们用最直观的方式来理解**拉格朗日中值定理**（Mean Value Theorem, MVT）。这个定理是微积分的核心工具之一，它揭示了函数变化率与整体行为之间的深刻联系。\n\n---\n\n### 一句话核心思想：\n**\"在光滑的旅程中，至少有一个瞬间，你的瞬时速度等于全程平均速度。\"**\n\n---\n\n### 直观比喻（开车例子）：\n假设你开车从北京到天津：\n- **总路程**：120公里  \n- **总时间**：2小时  \n- **平均速度**：120/2 = **60公里/小时**\n\n拉格朗日中值定理断言：**在这2小时中，至少有一个瞬间，你的车速表恰好显示60公里/小时**（可能是在加速或减速过程中达到的）。\n\n---\n\n### 数学表述：\n若函数 \\( f(x) \\) 满足：\n1. 在闭区间 \\([a,b]\\) 上连续  \n2. 在开区间 \\((a,b)\\) 内可导  \n\n则存在至少一点 \\( c \\in (a,b) \\)，使得：\n\\[\nf\'(c) = \\frac{f(b)-f(a)}{b-a}\n\\]\n\n---\n\n### 几何意义：\n在函数图像上，连接起点 \\((a,f(a))\\) 和终点 \\((b,f(b))\\) 的**割线斜率**（平均变化率），一定等于某点 \\((c,f(c))\\) 的**切线斜率**（瞬时变化率）。\n\n![](https://www.math24.net/wp-content/uploads/2018/10/image001-1.png)\n\n---\n\n### 为什么重要？\n1. **架起局部与全局的桥梁**：通过导数（局部信息）推断函数整体行为。  \n2. **证明不等式**：例如证明 \\( e^x \\geq x+1 \\) 时可直接应用中值定理。  \n3. **理解物理现象**：如上述车速例子，或温度变化中必存在某一瞬时的变化率等于平均变化率。\n\n---\n\n### 注意事项：\n- **条件必须满足**：如果函数有\"尖角\"（如 \\( f(x)=|x| \\) 在 \\( x=0 \\) 处不可导），定理不适用。  \n- **点 \\( c \\) 不唯一**：可能存在多个点满足条件（例如周期性函数）。\n\n---\n\n### 举个数学例子：\n验证 \\( f(x)=x^2 \\) 在 \\([1,3]\\) 上满足中值定理：  \n1. 计算平均变化率：\\(\\frac{f(3)-f(1)}{3-1} = \\frac{9-1}{2} = 4\\)  \n2. 求导：\\( f\'(x)=2x \\)  \n3. 解方程 \\( 2c=4 \\) 得 \\( c=2 \\in (1,3) \\)  \n→ 在 \\( x=2 \\) 处切线斜率确实等于割线斜率。\n\n---\n\n### 总结口诀：\n> \"连续可导区间闭，  \n> 一点切线等割线。  \n> 局部瞬间连整体，  \n> 拉氏中值显神奇。\"\n\n想更深入？可以思考：如果去掉\"可导\"条件会怎样？（参考**罗尔定理**，它是拉格朗日中值定理的特殊情况。）','2025-05-18 12:40:02'),
(466,'4-1747543299704','user','讲解拉格朗日中值','2025-05-18 12:41:39'),
(467,'4-1747543299704','assistant','好的！让我们用最直观的方式来理解**拉格朗日中值定理**（也叫**微分中值定理**）。\n\n---\n\n### ? **一句话核心思想**  \n**\"在光滑的旅程中，至少有一个瞬间，你的速度等于全程的平均速度。\"**  \n（就像开车从A到B，总有一刻车速恰好等于全程的平均时速）\n\n---\n\n### ? **定理的数学表述**  \n如果函数 \\( f(x) \\) 满足：\n1. 在闭区间 \\([a, b]\\) 上连续，\n2. 在开区间 \\((a, b)\\) 内可导，\n\n那么存在至少一点 \\( c \\in (a, b) \\)，使得：  \n\\[\nf\'(c) = \\frac{f(b) - f(a)}{b - a}\n\\]  \n（左边是点\\(c\\)处的瞬时变化率，右边是区间\\([a,b]\\)的平均变化率）\n\n---\n\n### ? **直观理解：山坡徒步的比喻**  \n想象你从山脚（点\\(a\\)）爬到山顶（点\\(b\\)）：\n- **平均坡度** = 总高度差 ÷ 水平距离（即定理右边的分式）。\n- **拉格朗日定理保证**：至少有一个点\\(c\\)，那里的**瞬时坡度**（导数）等于**全程平均坡度**。  \n  → 无论你怎么走，总会经过一个与\"平均坡度\"相同的点！\n\n---\n\n### ? **几何意义**  \n函数曲线在\\([a,b]\\)上至少有一条**切线**，与**连接端点的割线**平行。  \n（如下图，红线斜率=蓝线斜率）\n\n```\n      / \\\n     /   \\\n    /     \\\na /-------\\ b\n      ↑\n      c点切线平行于ab割线\n```\n\n---\n\n### ? **举个实际例子**  \n设 \\( f(x) = x^2 \\)，区间 \\([1, 3]\\)：\n1. 平均变化率 = \\(\\frac{9-1}{3-1} = 4\\)。\n2. 导数 \\( f\'(x) = 2x \\)，令 \\( 2c = 4 \\) → \\( c = 2 \\in (1,3) \\)。  \n   ✔️ 验证：\\( x=2 \\)时切线斜率确实为4。\n\n---\n\n### ⚠️ **注意事项**  \n1. 必须满足**连续+可导**条件（比如有\"尖角\"的函数不适用）。\n2. 点\\(c\\)的位置通常未知，定理只保证其存在性。\n\n---\n\n### ? **为什么重要？**  \n- **桥梁作用**：连接局部（导数）和整体（函数值变化）。\n- **应用场景**：证明不等式、分析函数单调性、泰勒展开的基础等。\n\n需要我进一步解释某个部分吗？ ?','2025-05-18 12:42:10'),
(468,'4-1747543384714','user','微积分有什么重要定理','2025-05-18 12:43:04'),
(469,'4-1747543384714','assistant','微积分中最重要的定理是**微积分基本定理**（Fundamental Theorem of Calculus），它被誉为“积分学的圣杯”，彻底改变了数学和科学的发展方向。我用一个生活化的比喻帮你理解它的核心思想：\n\n---\n\n### **1. 微积分基本定理：连接“局部”与“整体”的桥梁**\n- **核心内容**：  \n  它揭示了**导数**（瞬时变化率）和**积分**（累积求和）之间的惊人联系：  \n  > **“求面积”和“求斜率”本质上是逆运算！**\n\n- **直观比喻**：  \n  想象你用一个水龙头往浴缸里放水：\n  - **导数**（水龙头的流速）告诉你**每一刻水流多快**（局部信息）。  \n  - **积分**（浴缸中的水量）是**水流速度的累积结果**（整体信息）。  \n  基本定理就是说：**水量变化的速率 = 当前水龙头的流速**。  \n  ——通过流速（导数）可以反推总水量（积分），反之亦然！\n\n---\n\n### **2. 两个部分的具体表述**\n#### **第一部分（核心工具）**：  \n> 如果 \\( F(x) = \\int_a^x f(t) \\, dt \\)（即 \\( F(x) \\) 是 \\( f(x) \\) 的“面积函数”），  \n> 那么 \\( F\'(x) = f(x) \\)（面积函数的导数就是原函数本身）。\n\n- **例子**：  \n  假设 \\( f(x) \\) 是汽车的速度，\\( F(x) \\) 就是行驶的总路程。  \n  定理告诉我们：**路程的瞬时变化率 = 当前速度**。\n\n#### **第二部分（计算积分的钥匙）**：  \n> 如果 \\( F(x) \\) 是 \\( f(x) \\) 的一个原函数（即 \\( F\'(x) = f(x) \\)），  \n> 那么 \\( \\int_a^b f(x) \\, dx = F(b) - F(a) \\)。\n\n- **意义**：  \n  过去求面积需要复杂的极限求和（比如阿基米德用三角形逼近圆），现在只需找到原函数 \\( F(x) \\) 并代入上下限！\n\n---\n\n### **3. 为什么它如此重要？**\n- **化繁为简**：  \n  将困难的积分问题转化为简单的求导问题（比如 \\( \\int x^2 \\, dx = \\frac{x^3}{3} + C \\)）。  \n- **统一数学**：  \n  导数（微分）和积分原本是两个独立的概念，基本定理揭示它们是“一枚硬币的两面”。  \n- **应用广泛**：  \n  从计算曲线长度（如卫星轨道）到预测疫情传播（累积感染人数），都依赖它。\n\n---\n\n### **其他重要定理（简要列举）**\n1. **中值定理**：  \n   “连续光滑的曲线在某点切线斜率=平均斜率”（比如自驾游中至少有一个时刻车速=全程平均速度）。  \n2. **泰勒定理**：  \n   用多项式无限逼近复杂函数（比如用 \\( \\sin x \\approx x - \\frac{x^3}{6} \\) 设计手机振动马达）。  \n3. **格林/斯托克斯定理**：  \n   高维推广，将曲面积分与边界曲线联系起来（用于电磁学、流体力学）。\n\n---\n\n### **总结**\n微积分基本定理就像数学中的“魔法钥匙”，让人类从“计算具体变化”跨越到“掌控整体规律”。牛顿和莱布尼茨的伟大之处，正是发现了这把钥匙，让微积分成为描述宇宙的通用语言。  \n\n如果想深入理解，可以尝试用面积函数 \\( A(x) = \\int_0^x t \\, dt \\) 验证 \\( A\'(x) = x \\)（画图观察斜率如何等于高度！）。','2025-05-18 12:43:46'),
(472,'4-1747543557013','user','讲解柯西','2025-05-18 12:45:57'),
(473,'4-1747543557013','assistant','### 柯西是谁？\n奥古斯丁-路易·柯西（Augustin-Louis Cauchy，1789-1857）是19世纪法国数学界的超级巨星，被誉为**现代微积分的奠基人之一**。如果你学过微积分中的“柯西不等式”“柯西积分公式”或“柯西序列”，那都是他的杰作。他的工作让微积分从“凭直觉计算”变成了“严谨的数学理论”。\n\n---\n\n### 柯西的贡献：给微积分“上保险”\n在牛顿和莱布尼茨发明微积分后，数学家们虽然能熟练用它解决问题，但许多概念（比如极限、无穷小）的**逻辑基础并不牢固**，甚至有人嘲讽微积分是“靠信仰运算”。柯西站出来说：“不行，咱们得用严格的数学语言定义这些概念！”于是他做了三件大事：\n\n1. **极限的严格定义**  \n   - 他首次用ε-δ语言（“对于任意小的ε，存在一个δ…”）定义了极限，解决了“无穷小到底是不是零”的争议。  \n   - **类比**：就像用显微镜无限放大函数曲线，确保它最终会“黏”在某个值上。\n\n2. **连续性的现代定义**  \n   - 他提出“函数连续”意味着“极限值等于函数值”，彻底划清了连续和间断的界限。  \n   - **例子**：画一条不断开的线就是连续的，如果有突然的跳跃或空洞就不连续。\n\n3. **积分与导数的关系**  \n   - 他完善了微积分基本定理的证明，明确了导数和积分是互逆运算（就像加法和减法）。  \n   - **应用**：今天计算曲线下面积时用的定积分，背后就是柯西的理论支撑。\n\n---\n\n### 柯西的“强迫症”：数学严谨性\n柯西的性格以固执著称，他坚持**每一步证明都必须毫无漏洞**。比如：\n- 他拒绝接受“发散级数”的随意运算（当时许多数学家会胡乱相加发散级数得到荒谬结果）。\n- 他要求所有定理必须明确假设条件（比如“函数必须在闭区间上连续”）。\n\n**趣闻**：因为他的论文过于严谨冗长，巴黎科学院不得不规定投稿页数限制——据说就是针对柯西的！\n\n---\n\n### 柯西 vs. 其他数学家\n- **与拉格朗日**：柯西的老师拉格朗日曾认为克拉德尼图形（用沙子展示声波振动）无法用数学解释，但柯西的微分方程理论后来为这类问题提供了工具。  \n- **与高斯**：两人几乎同时发现复分析的重要定理，但柯西更擅长系统性地构建理论。\n\n---\n\n### 柯西的遗产\n- **复变函数论**：他开创了复积分（沿复平面路径积分），成为现代工程学的核心工具。  \n- **物理学应用**：他的微分方程理论解释了弹性力学、流体波动（比如克拉德尼的声学图案）。  \n- **教学影响**：今天的微积分教材中“极限—连续—导数—积分”的教学顺序，就是柯西奠定的。\n\n---\n\n### 一句话总结\n**柯西像微积分的“法律顾问”**，把牛顿、莱布尼茨的直觉发明变成了逻辑严密的数学体系。没有他，现代科学和工程的数学基础可能还是一片混沌！\n\n（如果想深入了解，可以搜索“柯西收敛准则”或“柯西积分定理”——这些都是数学系学生的必修课哦！）','2025-05-18 12:46:37'),
(474,'4-1747544208330','user','介绍柯西','2025-05-18 12:56:48'),
(475,'4-1747544208330','assistant','### 柯西是谁？\n奥古斯丁-路易·柯西（Augustin-Louis Cauchy，1789-1857）是19世纪法国最伟大的数学家之一，被誉为**现代微积分的奠基人**。他的工作为数学分析（尤其是极限、连续性、导数和积分）建立了严格的逻辑基础，彻底改变了微积分的教学和研究方式。\n\n---\n\n### 柯西的三大核心贡献\n1. **微积分的严格化**  \n   - 在牛顿和莱布尼茨发明微积分后的150年里，数学家们一直依赖直观但模糊的“无穷小”概念。  \n   - 柯西首次用**极限的严格定义**取代了无穷小，提出了我们今天熟悉的“ε-δ语言”（例如：当x无限接近a时，f(x)无限接近L）。  \n   - **类比**：就像用精确的尺规作图取代“大概画个圆”，柯西让微积分从“凭感觉”变成了“按规则”。\n\n2. **复变函数论的开拓**  \n   - 柯西发现复数的微积分（复变函数）有惊人的性质，比如**柯西积分公式**：一个复函数在闭合路径上的积分只由路径内的奇点决定。  \n   - **应用**：这一理论后来成为流体力学、电磁学甚至量子力学的基础工具。\n\n3. **微分方程与数学物理**  \n   - 他研究了波动方程、弹性理论等物理问题的数学解法，为工程学提供了关键工具。  \n   - **趣事**：柯西曾因拒绝向新政权宣誓效忠而被开除教职，但国王特许他“可以不宣誓继续研究数学”——因为他的工作太重要了！\n\n---\n\n### 柯西的个性与轶事\n- **高产到离谱**：一生发表了800多篇论文，速度之快让科学院期刊来不及印刷，只好自创手写期刊《柯西笔记》。  \n- **固执的完美主义者**：他坚持用最严格的方式定义每一个概念，甚至因此与同时代数学家（如伽罗瓦）发生冲突。  \n- **教学狂魔**：在巴黎综合理工学院任教时，他的微积分课程吸引了全欧洲的学生，教材《分析教程》成了现代数学分析的蓝本。\n\n---\n\n### 柯西与CT扫描的隐藏关联\n虽然柯西本人与医学无关，但他的数学遗产间接影响了现代科技：  \n- CT扫描的核心是**拉东变换**（由数学家约翰·拉东提出，柯西的学生们曾研究过类似问题）。  \n- 柯西对**傅里叶分析**（CT扫描的数学基础）的严格化贡献，为后来科马克和豪斯菲尔德的工作铺平了道路。  \n- **哲学呼应**：柯西坚信“纯粹数学终将找到应用”，正如CT扫描的数学理论比实际应用早诞生半个世纪。\n\n---\n\n### 一句话总结\n柯西像一位“数学律师”，用严格的逻辑为微积分起草了无可争议的宪法，他的定义至今仍是教科书的标准——下次当你用ε-δ证明极限时，别忘了感谢这位19世纪的完美主义者！','2025-05-18 12:57:25'),
(476,'4-1747544624671','user','讲解泰勒展开','2025-05-18 13:03:44'),
(477,'4-1747544624671','assistant','### 泰勒展开：用多项式\"克隆\"任意函数\n\n大家好！今天我们要聊一个超级有用的数学工具——**泰勒展开**。它就像是一个\"函数复印机\"，能把复杂的函数（比如sinx、eˣ）变成无限长的多项式，方便我们计算和研究。\n\n#### 1. 核心思想：用多项式逼近函数\n想象你在玩\"猜画游戏\"： \n- 第一轮：你只知道函数在a点的值f(a)→画一条水平线y=f(a)\n- 第二轮：你知道函数在a点的值和斜率→画一条斜线（一次多项式）\n- 第三轮：知道函数值、斜率和弯曲程度→画抛物线（二次多项式）\n- 每多知道一阶导数，就能画出更贴合的曲线！\n\n**数学表达式**：\n\\[ f(x) \\approx f(a) + f\'(a)(x-a) + \\frac{f\'\'(a)}{2!}(x-a)^2 + \\cdots \\]\n\n#### 2. 经典案例（附魔法效果展示）\n**案例1**：eˣ在x=0处展开\n- 神奇发现：因为(eˣ)\'=eˣ，所有导数在0点都是1\n- 展开式：\\( e^x = 1 + x + \\frac{x^2}{2!} + \\frac{x^3}{3!} + \\cdots \\)\n- **实践验证**：计算e⁰·⁵\n  - 取前6项：1 + 0.5 + 0.125 + 0.0208 + 0.0026 + 0.00026 ≈ 1.6487\n  - 计算器结果：1.648721271 → 误差仅0.00002！\n\n**案例2**：sinx展开（更有趣的舞蹈）\n- 展开式：\\( \\sin x = x - \\frac{x^3}{3!} + \\frac{x^5}{5!} - \\cdots \\)（正负交替的奇数幂次）\n- 为什么没有偶数次项？→ 因为sinx是奇函数！\n\n#### 3. 余项：我们的\"误差警报器\"\n泰勒展开不是100%精确，但余项公式告诉我们最大误差：\n\\[ R_n(x) = \\frac{f^{(n+1)}(c)}{(n+1)!}(x-a)^{n+1} \\] \n（c是a和x之间的某个神秘点）\n\n**生活比喻**：\n就像用乐高积木拼雕像：\n- 用的积木越多（项数越多），造型越逼真\n- 余项就是\"最多可能差几块积木\"\n\n#### 4. 为什么这个工具如此强大？\n- **工程计算**：航天器轨道计算只需前几项就能达到惊人精度\n- **物理定律**：很多复杂方程的解就是用泰勒级数表示的\n- **数学证明**：破解各种极限和不等式问题的\"瑞士军刀\"\n\n#### 5. 趣味冷知识\n- 泰勒展开的几何级数特例：\\( \\frac{1}{1-x} = 1 + x + x^2 + \\cdots \\)（|x|<1时）\n- 著名的欧拉公式 \\( e^{iπ}+1=0 \\) 就是用泰勒展开证明的！\n\n**思考题**：为什么计算器按几下就能算出三角函数值？秘密就是它们内部存储了泰勒展开的系数！\n\n下次当你看到eˣ或sinx时，记得它们都可以变成多项式\"时装秀\"哦！想试试把cosx展开吗？提示：对sinx的展开式求导就行~','2025-05-18 13:04:22');

/*Table structure for table `conversations` */

DROP TABLE IF EXISTS `conversations`;

CREATE TABLE `conversations` (
  `id` varchar(50) NOT NULL,
  `user_id` int NOT NULL,
  `agent_id` int DEFAULT NULL,
  `title` varchar(255) DEFAULT '新对话',
  `created_at` timestamp NULL DEFAULT CURRENT_TIMESTAMP,
  `updated_at` timestamp NULL DEFAULT CURRENT_TIMESTAMP ON UPDATE CURRENT_TIMESTAMP,
  PRIMARY KEY (`id`),
  KEY `idx_user_id` (`user_id`),
  KEY `agent_id` (`agent_id`),
  CONSTRAINT `conversations_ibfk_1` FOREIGN KEY (`user_id`) REFERENCES `users` (`id`) ON DELETE CASCADE,
  CONSTRAINT `conversations_ibfk_2` FOREIGN KEY (`agent_id`) REFERENCES `ai_agents` (`id`) ON DELETE SET NULL
) ENGINE=InnoDB DEFAULT CHARSET=utf8mb4 COLLATE=utf8mb4_0900_ai_ci;

/*Data for the table `conversations` */

insert  into `conversations`(`id`,`user_id`,`agent_id`,`title`,`created_at`,`updated_at`) values 
('1-1747067023918',1,NULL,'如何顺利毕业','2025-05-13 00:23:43','2025-05-13 00:24:04'),
('1-1747120934530',1,NULL,'资料提供清单','2025-05-13 15:22:14','2025-05-13 15:22:34'),
('1-1747122138011',1,NULL,'资料清单','2025-05-13 15:42:18','2025-05-13 15:43:00'),
('1-1747122208759',1,NULL,'知识库资料概览','2025-05-13 15:43:28','2025-05-13 15:43:48'),
('1-1747122606710',1,NULL,'知识库内容概览','2025-05-13 15:50:06','2025-05-13 15:51:07'),
('1-1747128800479',1,NULL,'知识库文件列表','2025-05-13 17:33:20','2025-05-13 17:33:56'),
('1-1747131514267',1,NULL,'知识范围概述','2025-05-13 18:18:34','2025-05-13 18:18:48'),
('14-1747315180846',14,NULL,'电子信息工程核心课程','2025-05-15 21:19:40','2025-05-15 21:20:53'),
('4-1747393089972',4,NULL,'Transformer架构与注意力机制解析','2025-05-16 18:58:09','2025-05-16 18:59:04'),
('4-1747454404680',4,NULL,'仲恺毕业计算机分数','2025-05-17 12:00:04','2025-05-17 12:00:30'),
('4-1747460025366',4,NULL,'极限定义讲解','2025-05-17 13:33:45','2025-05-17 13:34:23'),
('4-1747460217982',4,NULL,'极限通俗讲解','2025-05-17 13:36:57','2025-05-17 13:37:22'),
('4-1747460267139',4,NULL,'注意力机制论文解析','2025-05-17 13:37:47','2025-05-17 13:39:19'),
('4-1747538736671',4,NULL,'自我介绍','2025-05-18 11:25:36','2025-05-18 11:25:54'),
('4-1747541347012',4,NULL,'泰勒展开解析','2025-05-18 12:09:07','2025-05-18 12:09:44'),
('4-1747541745114',4,NULL,'同阶无穷小解析','2025-05-18 12:15:45','2025-05-18 12:16:54'),
('4-1747542031026',4,NULL,'泰勒展开解析','2025-05-18 12:20:31','2025-05-18 12:21:07'),
('4-1747542080951',4,NULL,'计算机科学毕业学分','2025-05-18 12:21:20','2025-05-18 12:22:27'),
('4-1747542435615',4,NULL,'自我介绍与泰勒展开','2025-05-18 12:27:15','2025-05-18 12:29:59'),
('4-1747542624241',4,NULL,'常用泰勒展开讲解','2025-05-18 12:30:24','2025-05-18 12:31:37'),
('4-1747542799589',4,NULL,'拉格朗日中值解析','2025-05-18 12:33:19','2025-05-18 12:34:16'),
('4-1747542971246',4,NULL,'拉格朗日中值解析','2025-05-18 12:36:11','2025-05-18 12:36:53'),
('4-1747543167600',4,NULL,'拉格朗日中值解析','2025-05-18 12:39:27','2025-05-18 12:40:07'),
('4-1747543299704',4,NULL,'拉格朗日中值解析','2025-05-18 12:41:39','2025-05-18 12:42:14'),
('4-1747543384714',4,NULL,'微积分重要定理','2025-05-18 12:43:04','2025-05-18 12:43:50'),
('4-1747543557013',4,NULL,'柯西简介','2025-05-18 12:45:57','2025-05-18 12:46:41'),
('4-1747544208330',4,NULL,'柯西简介','2025-05-18 12:56:48','2025-05-18 12:57:29'),
('4-1747544624671',4,NULL,'泰勒展开解析','2025-05-18 13:03:44','2025-05-18 13:04:26'),
('8-1747139151610',8,NULL,'自我介绍','2025-05-13 20:25:51','2025-05-13 20:26:18'),
('8-1747540574955',8,NULL,'我能为你做什么','2025-05-18 11:56:14','2025-05-18 11:57:40');

/*Table structure for table `course_review_summaries` */

DROP TABLE IF EXISTS `course_review_summaries`;

CREATE TABLE `course_review_summaries` (
  `id` int NOT NULL AUTO_INCREMENT,
  `course_id` int NOT NULL,
  `summary` text NOT NULL,
  `created_at` timestamp NULL DEFAULT CURRENT_TIMESTAMP,
  `updated_at` timestamp NULL DEFAULT CURRENT_TIMESTAMP ON UPDATE CURRENT_TIMESTAMP,
  PRIMARY KEY (`id`),
  UNIQUE KEY `course_id` (`course_id`),
  CONSTRAINT `course_review_summaries_ibfk_1` FOREIGN KEY (`course_id`) REFERENCES `courses` (`id`)
) ENGINE=InnoDB AUTO_INCREMENT=3 DEFAULT CHARSET=utf8mb4 COLLATE=utf8mb4_0900_ai_ci;

/*Data for the table `course_review_summaries` */

insert  into `course_review_summaries`(`id`,`course_id`,`summary`,`created_at`,`updated_at`) values 
(1,1,'### **\"计算机科学导论\"课程学生评价总结**  \n\n#### **优点**  \n1. **讲解清晰易懂**：课程对计算机科学的基本概念和原理讲解非常清晰，适合初学者入门。  \n2. **教师授课有条理**：老师的讲课逻辑性强，有助于学生理解和掌握知识。  \n3. **课程内容丰富**：涵盖面广，特别是对计算机科学历史的介绍，给学生留下深刻印象。  \n\n#### **可能的不足**  \n1. **作业量','2025-05-14 21:18:48','2025-05-14 21:18:48'),
(2,2,'### **\"数据结构\"课程学生评价分析总结**  \n\n#### **优点**  \n1. **讲解透彻**：学生对课程内容的讲解表示认可，认为教师能够清晰地阐述数据结构的概念和原理。  \n2. **实用性强**：教师提供的例子贴近实际应用，有助于学生理解理论知识的实际运用。  \n3. **课程难度适中**：多数学生认为课程的难度设置合理，既不会过于简单，也不会过于艰深。  \n4. **基础扎实**：课程帮助学生建立了扎实的编程基础，对后续学习或实践有较大帮助。  \n5. **推荐度高**：部分学生明确推荐选修该课程，表明整体满意度较高。  \n\n#### **可能的不足**  \n1. **编程练习需求较高**：部分学生提到需要投入较多的编程练习才能掌握课程内容，可能对编程基础较弱的学生构成挑战。  \n2. **未提及互动或反馈**：现有评价未涉及师生互动、作业反馈或课堂参与度，可能表明这些方面有待观察或改进。  \n\n#### **整体评价**  \n该课程在教学内容、实用性和难度设置上获得较高评价，能够有效帮助学生掌握数据结构知识并提升编程能力。但学生需投入较多时间进行编程练习，可能对部分学习者构成压力。总体而言，该课程受到学生认可，适合希望夯实编程基础的学习者。','2025-05-14 21:39:38','2025-05-14 21:39:38');

/*Table structure for table `courses` */

DROP TABLE IF EXISTS `courses`;

CREATE TABLE `courses` (
  `id` int NOT NULL AUTO_INCREMENT,
  `code` varchar(20) NOT NULL,
  `name` varchar(100) NOT NULL,
  `description` text,
  `credits` int NOT NULL,
  `department_id` int DEFAULT NULL,
  PRIMARY KEY (`id`),
  UNIQUE KEY `code` (`code`),
  KEY `department_id` (`department_id`),
  CONSTRAINT `courses_ibfk_1` FOREIGN KEY (`department_id`) REFERENCES `departments` (`id`)
) ENGINE=InnoDB AUTO_INCREMENT=6 DEFAULT CHARSET=utf8mb4 COLLATE=utf8mb4_0900_ai_ci;

/*Data for the table `courses` */

insert  into `courses`(`id`,`code`,`name`,`description`,`credits`,`department_id`) values 
(1,'CS101','计算机科学导论','本课程介绍计算机科学的基本概念和原理',9,1),
(2,'CS201','数据结构','本课程介绍常见数据结构和算法',4,1),
(3,'MATH101','高等数学','本课程介绍微积分和线性代数的基础知识',4,2),
(4,'CS001','算法','是',3,1),
(5,'CMO001','计算机网络','',3,1);

/*Table structure for table `departments` */

DROP TABLE IF EXISTS `departments`;

CREATE TABLE `departments` (
  `id` int NOT NULL AUTO_INCREMENT,
  `name` varchar(100) NOT NULL,
  `description` text,
  PRIMARY KEY (`id`)
) ENGINE=InnoDB AUTO_INCREMENT=13 DEFAULT CHARSET=utf8mb4 COLLATE=utf8mb4_0900_ai_ci;

/*Data for the table `departments` */

insert  into `departments`(`id`,`name`,`description`) values 
(1,'计算机科学与技术','计算机科学与技术学院提供计算机科学、软件工程等专业'),
(2,'数学学院','数学学院提供数学、统计学等相关专业'),
(3,'物理学院','物理学院提供理论物理、应用物理等专业教育'),
(4,'化学学院','化学学院专注于无机化学、有机化学、分析化学等领域研究'),
(5,'生物学院','生物学院涵盖分子生物学、生态学、遗传学等专业方向'),
(6,'工程学院','工程学院设有机械工程、电气工程、土木工程等专业'),
(7,'工商管理学院','工商管理学院提供企业管理、市场营销、财务管理等专业课程'),
(8,'外国语学院','外国语学院设有英语、日语、法语、西班牙语等多个语种专业'),
(9,'文学院','文学院以中国文学、比较文学、语言学等为主要研究方向'),
(10,'历史学院','历史学院专注于中国史、世界史、考古学等专业研究'),
(11,'艺术学院','艺术学院设有绘画、雕塑、设计等专业'),
(12,'音乐学院','音乐学院提供器乐演奏、声乐、作曲与指挥等专业培养');

/*Table structure for table `enrollments` */

DROP TABLE IF EXISTS `enrollments`;

CREATE TABLE `enrollments` (
  `id` int NOT NULL AUTO_INCREMENT,
  `student_id` int NOT NULL,
  `section_id` int NOT NULL,
  `status` enum('enrolled','dropped','waitlisted') DEFAULT 'enrolled',
  `enrollment_date` timestamp NULL DEFAULT CURRENT_TIMESTAMP,
  PRIMARY KEY (`id`),
  UNIQUE KEY `student_id` (`student_id`,`section_id`),
  KEY `section_id` (`section_id`),
  CONSTRAINT `enrollments_ibfk_1` FOREIGN KEY (`student_id`) REFERENCES `users` (`id`),
  CONSTRAINT `enrollments_ibfk_2` FOREIGN KEY (`section_id`) REFERENCES `sections` (`id`)
) ENGINE=InnoDB AUTO_INCREMENT=18 DEFAULT CHARSET=utf8mb4 COLLATE=utf8mb4_0900_ai_ci;

/*Data for the table `enrollments` */

insert  into `enrollments`(`id`,`student_id`,`section_id`,`status`,`enrollment_date`) values 
(13,8,1,'enrolled','2025-05-11 14:50:08'),
(14,8,3,'enrolled','2025-05-11 14:50:08'),
(15,8,2,'enrolled','2025-05-11 14:50:09'),
(16,8,6,'enrolled','2025-05-11 14:50:09'),
(17,9,1,'enrolled','2025-05-18 16:51:56');

/*Table structure for table `knowledge_bases` */

DROP TABLE IF EXISTS `knowledge_bases`;

CREATE TABLE `knowledge_bases` (
  `id` int NOT NULL AUTO_INCREMENT,
  `name` varchar(255) NOT NULL,
  `description` text,
  `user_id` int DEFAULT NULL,
  `created_at` timestamp NULL DEFAULT CURRENT_TIMESTAMP,
  `updated_at` timestamp NULL DEFAULT CURRENT_TIMESTAMP ON UPDATE CURRENT_TIMESTAMP,
  PRIMARY KEY (`id`),
  KEY `idx_user_id` (`user_id`)
) ENGINE=InnoDB AUTO_INCREMENT=6 DEFAULT CHARSET=utf8mb4 COLLATE=utf8mb4_0900_ai_ci;

/*Data for the table `knowledge_bases` */

insert  into `knowledge_bases`(`id`,`name`,`description`,`user_id`,`created_at`,`updated_at`) values 
(2,'微积分指导','这是一个已更新的测试知识库描述',4,'2025-05-13 11:33:22','2025-05-13 11:41:58'),
(4,'近世代数','',1,'2025-05-13 18:17:13','2025-05-13 18:17:13'),
(5,'transformer','',4,'2025-05-16 18:54:00','2025-05-16 18:54:00');

/*Table structure for table `knowledge_files` */

DROP TABLE IF EXISTS `knowledge_files`;

CREATE TABLE `knowledge_files` (
  `id` int NOT NULL AUTO_INCREMENT,
  `knowledge_base_id` int NOT NULL,
  `original_filename` varchar(255) NOT NULL,
  `stored_path` varchar(255) NOT NULL,
  `file_type` varchar(50) NOT NULL,
  `status` enum('pending','processing','indexed','failed','deleted') DEFAULT 'pending',
  `file_size` int DEFAULT NULL,
  `chunk_count` int DEFAULT '0',
  `created_at` timestamp NULL DEFAULT CURRENT_TIMESTAMP,
  `updated_at` timestamp NULL DEFAULT CURRENT_TIMESTAMP ON UPDATE CURRENT_TIMESTAMP,
  `content_hash` varchar(64) DEFAULT NULL,
  PRIMARY KEY (`id`),
  KEY `idx_knowledge_base_id` (`knowledge_base_id`),
  CONSTRAINT `knowledge_files_ibfk_1` FOREIGN KEY (`knowledge_base_id`) REFERENCES `knowledge_bases` (`id`) ON DELETE CASCADE
) ENGINE=InnoDB AUTO_INCREMENT=30 DEFAULT CHARSET=utf8mb4 COLLATE=utf8mb4_0900_ai_ci;

/*Data for the table `knowledge_files` */

insert  into `knowledge_files`(`id`,`knowledge_base_id`,`original_filename`,`stored_path`,`file_type`,`status`,`file_size`,`chunk_count`,`created_at`,`updated_at`,`content_hash`) values 
(22,2,'powerofcalculus.txt','kb_2/1747128768482_powerofcalculus.txt','txt','indexed',599287,357,'2025-05-13 17:32:48','2025-05-13 17:32:48','d5f08e7d651fb2eb4511d5d8dcb13262'),
(24,5,'NIPS-2017-attention-is-all-you-need-Paper.pdf','kb_5/1747392861281_NIPS-2017-attention-is-all-you-need-Paper.pdf','pdf','indexed',569417,13,'2025-05-16 18:54:21','2025-05-16 18:54:22','7a6bb1fcdceec29ff330d3af68fbe5d8'),
(29,2,'How to Ace the Rest of Calculus The Streetwise Guide.epub','kb_2/1747457770590_How to Ace the Rest of Calculus The Streetwise Guide.epub','epub','indexed',10264829,428,'2025-05-17 12:56:10','2025-05-17 12:56:35','da960370efa0b3a398ee9aa09bddec98');

/*Table structure for table `reviews` */

DROP TABLE IF EXISTS `reviews`;

CREATE TABLE `reviews` (
  `id` int NOT NULL AUTO_INCREMENT,
  `course_id` int NOT NULL,
  `user_id` int NOT NULL,
  `content` text,
  `created_at` timestamp NULL DEFAULT CURRENT_TIMESTAMP,
  PRIMARY KEY (`id`),
  KEY `course_id` (`course_id`),
  KEY `user_id` (`user_id`),
  CONSTRAINT `reviews_ibfk_1` FOREIGN KEY (`course_id`) REFERENCES `courses` (`id`),
  CONSTRAINT `reviews_ibfk_2` FOREIGN KEY (`user_id`) REFERENCES `users` (`id`)
) ENGINE=InnoDB AUTO_INCREMENT=16 DEFAULT CHARSET=utf8mb4 COLLATE=utf8mb4_0900_ai_ci;

/*Data for the table `reviews` */

insert  into `reviews`(`id`,`course_id`,`user_id`,`content`,`created_at`) values 
(1,1,7,'这门课程对计算机科学的基本概念和原理讲解非常清晰，特别适合初学者。','2025-05-14 20:47:12'),
(2,1,8,'老师讲课很有条理，但是作业量有点大。','2025-05-14 20:47:12'),
(3,1,9,'课程内容很丰富，尤其是对计算机科学历史的介绍让我印象深刻。','2025-05-14 20:47:12'),
(4,2,10,'数据结构课程讲解得很透彻，老师的例子很实用。','2025-05-14 20:47:12'),
(5,2,11,'课程难度适中，但是需要较多的编程练习才能掌握。','2025-05-14 20:47:12'),
(6,2,12,'这门课帮我打下了扎实的编程基础，推荐选修。','2025-05-14 20:47:12'),
(7,3,13,'高数课内容抽象，但老师讲解很通俗易懂。','2025-05-14 20:47:12'),
(8,3,14,'微积分部分讲解细致，课后习题很有帮助。','2025-05-14 20:47:12'),
(9,3,15,'老师很耐心，乐于解答学生的问题，学习氛围很好。','2025-05-14 20:47:12'),
(10,4,16,'算法课程内容丰富，但节奏有点快，需要课下多花时间理解。','2025-05-14 20:47:12'),
(11,4,17,'老师对算法分析讲解透彻，让复杂概念变得易于理解。','2025-05-14 20:47:12'),
(12,4,18,'这门课挑战性很大，但收获也很多，推荐有编程基础的同学选修。','2025-05-14 20:47:12'),
(13,5,7,'计算机网络课程实用性强，与当前技术发展紧密结合。','2025-05-14 20:47:12'),
(14,5,9,'课程内容全面，从底层协议到应用层都有涉及。','2025-05-14 20:47:12'),
(15,5,11,'实验内容很有趣，增强了对网络原理的理解。','2025-05-14 20:47:12');

/*Table structure for table `sections` */

DROP TABLE IF EXISTS `sections`;

CREATE TABLE `sections` (
  `id` int NOT NULL AUTO_INCREMENT,
  `course_id` int NOT NULL,
  `teacher_id` int NOT NULL,
  `semester` varchar(20) NOT NULL,
  `time_slot` varchar(100) NOT NULL,
  `location` varchar(100) NOT NULL,
  `capacity` int NOT NULL,
  `current_enrollment` int DEFAULT '0',
  PRIMARY KEY (`id`),
  KEY `course_id` (`course_id`),
  KEY `teacher_id` (`teacher_id`),
  CONSTRAINT `sections_ibfk_1` FOREIGN KEY (`course_id`) REFERENCES `courses` (`id`),
  CONSTRAINT `sections_ibfk_2` FOREIGN KEY (`teacher_id`) REFERENCES `users` (`id`)
) ENGINE=InnoDB AUTO_INCREMENT=7 DEFAULT CHARSET=utf8mb4 COLLATE=utf8mb4_0900_ai_ci;

/*Data for the table `sections` */

insert  into `sections`(`id`,`course_id`,`teacher_id`,`semester`,`time_slot`,`location`,`capacity`,`current_enrollment`) values 
(1,1,2,'2025春季','周一 08:00-09:40','主楼301',50,2),
(2,2,2,'2025春季','周三 10:00-11:40','主楼302',40,1),
(3,3,2,'2025春季','周五 14:00-15:40','理科楼101',60,1),
(6,4,2,'2025春季','周三 晚上 10：00 - 12 ：00','东门操场',30,1);

/*Table structure for table `users` */

DROP TABLE IF EXISTS `users`;

CREATE TABLE `users` (
  `id` int NOT NULL AUTO_INCREMENT,
  `username` varchar(50) NOT NULL,
  `password` varchar(255) NOT NULL,
  `name` varchar(100) NOT NULL,
  `email` varchar(100) NOT NULL,
  `role` enum('student','teacher','admin') NOT NULL,
  `created_at` timestamp NULL DEFAULT CURRENT_TIMESTAMP,
  PRIMARY KEY (`id`),
  UNIQUE KEY `username` (`username`)
) ENGINE=InnoDB AUTO_INCREMENT=118 DEFAULT CHARSET=utf8mb4 COLLATE=utf8mb4_0900_ai_ci;

/*Data for the table `users` */

insert  into `users`(`id`,`username`,`password`,`name`,`email`,`role`,`created_at`) values 
(1,'admin','$2b$10$TaMGC5c8p8S7EwSXDQR1aOOFgMxLK/fodfJ30G6FuIojXX.8Idp6y','管理员','admin@university.edu','admin','2025-05-07 23:30:14'),
(2,'teacher1','$2b$10$od3NaJhgasMAp.mqL1NYc.UtUXahOqq.l44YB6YEvf2wV9N59Wf1.','张教授','zhang@university.edu','teacher','2025-05-07 23:30:14'),
(4,'yui','$2b$10$Ttm8iwti2r6WPID8.ZukAOPLn/Exp5fhbFf1ACgksCnw9ibS4YZO2','衷传广','1605502@qq.com','admin','2025-05-07 23:48:12'),
(6,'D','$2b$10$1SbqtIHDWPC4sPU8GM5lEu0BwoNy5dA.5IVxZInW5tDLewbmYdZRu','高娜','student00002@university.edu','student','2025-05-08 11:53:48'),
(7,'student00003','$2b$10$1SbqtIHDWPC4sPU8GM5lEu0BwoNy5dA.5IVxZInW5tDLewbmYdZRu','孙勇','student00003@university.edu','student','2025-05-08 11:53:48'),
(8,'student00004','$2b$10$2FrKQrqS9bvuIx4Y.emLmez.KWmIdEeff8Zw4oTv/VakyNHcpea8G','高德','student00004@university.edu','student','2025-05-08 11:53:48'),
(9,'student00005','$2b$10$1SbqtIHDWPC4sPU8GM5lEu0BwoNy5dA.5IVxZInW5tDLewbmYdZRu','黄磊','student00005@university.edu','student','2025-05-08 11:53:48'),
(10,'student00006','$2b$10$1SbqtIHDWPC4sPU8GM5lEu0BwoNy5dA.5IVxZInW5tDLewbmYdZRu','郭秀兰','student00006@university.edu','student','2025-05-08 11:53:48'),
(11,'student00007','$2b$10$1SbqtIHDWPC4sPU8GM5lEu0BwoNy5dA.5IVxZInW5tDLewbmYdZRu','郭敏','student00007@university.edu','student','2025-05-08 11:53:48'),
(12,'student00008','$2b$10$1SbqtIHDWPC4sPU8GM5lEu0BwoNy5dA.5IVxZInW5tDLewbmYdZRu','高平','student00008@university.edu','student','2025-05-08 11:53:48'),
(13,'student00009','$2b$10$1SbqtIHDWPC4sPU8GM5lEu0BwoNy5dA.5IVxZInW5tDLewbmYdZRu','朱敏','student00009@university.edu','student','2025-05-08 11:53:48'),
(14,'student00010','$2b$10$1SbqtIHDWPC4sPU8GM5lEu0BwoNy5dA.5IVxZInW5tDLewbmYdZRu','刘秀兰','student00010@university.edu','student','2025-05-08 11:53:48'),
(15,'student00011','$2b$10$1SbqtIHDWPC4sPU8GM5lEu0BwoNy5dA.5IVxZInW5tDLewbmYdZRu','王明','student00011@university.edu','student','2025-05-08 11:53:48'),
(16,'student00012','$2b$10$1SbqtIHDWPC4sPU8GM5lEu0BwoNy5dA.5IVxZInW5tDLewbmYdZRu','王霞','student00012@university.edu','student','2025-05-08 11:53:48'),
(17,'student00013','$2b$10$1SbqtIHDWPC4sPU8GM5lEu0BwoNy5dA.5IVxZInW5tDLewbmYdZRu','马洋','student00013@university.edu','student','2025-05-08 11:53:48'),
(18,'student00014','$2b$10$1SbqtIHDWPC4sPU8GM5lEu0BwoNy5dA.5IVxZInW5tDLewbmYdZRu','吴明','student00014@university.edu','student','2025-05-08 11:53:48'),
(19,'student00015','$2b$10$1SbqtIHDWPC4sPU8GM5lEu0BwoNy5dA.5IVxZInW5tDLewbmYdZRu','吴静','student00015@university.edu','student','2025-05-08 11:53:48'),
(20,'student00016','$2b$10$1SbqtIHDWPC4sPU8GM5lEu0BwoNy5dA.5IVxZInW5tDLewbmYdZRu','刘霞','student00016@university.edu','student','2025-05-08 11:53:48'),
(21,'student00017','$2b$10$1SbqtIHDWPC4sPU8GM5lEu0BwoNy5dA.5IVxZInW5tDLewbmYdZRu','何敏','student00017@university.edu','student','2025-05-08 11:53:48'),
(22,'student00018','$2b$10$1SbqtIHDWPC4sPU8GM5lEu0BwoNy5dA.5IVxZInW5tDLewbmYdZRu','马平','student00018@university.edu','student','2025-05-08 11:53:48'),
(23,'student00019','$2b$10$1SbqtIHDWPC4sPU8GM5lEu0BwoNy5dA.5IVxZInW5tDLewbmYdZRu','朱强','student00019@university.edu','student','2025-05-08 11:53:48'),
(24,'student00020','$2b$10$1SbqtIHDWPC4sPU8GM5lEu0BwoNy5dA.5IVxZInW5tDLewbmYdZRu','王军','student00020@university.edu','student','2025-05-08 11:53:48'),
(25,'student00021','$2b$10$1SbqtIHDWPC4sPU8GM5lEu0BwoNy5dA.5IVxZInW5tDLewbmYdZRu','张洋','student00021@university.edu','student','2025-05-08 11:53:48'),
(26,'student00022','$2b$10$1SbqtIHDWPC4sPU8GM5lEu0BwoNy5dA.5IVxZInW5tDLewbmYdZRu','李洋','student00022@university.edu','student','2025-05-08 11:53:48'),
(27,'student00023','$2b$10$1SbqtIHDWPC4sPU8GM5lEu0BwoNy5dA.5IVxZInW5tDLewbmYdZRu','周秀英','student00023@university.edu','student','2025-05-08 11:53:48'),
(28,'student00024','$2b$10$1SbqtIHDWPC4sPU8GM5lEu0BwoNy5dA.5IVxZInW5tDLewbmYdZRu','徐勇','student00024@university.edu','student','2025-05-08 11:53:48'),
(29,'student00025','$2b$10$1SbqtIHDWPC4sPU8GM5lEu0BwoNy5dA.5IVxZInW5tDLewbmYdZRu','孙秀英','student00025@university.edu','student','2025-05-08 11:53:48'),
(30,'student00026','$2b$10$1SbqtIHDWPC4sPU8GM5lEu0BwoNy5dA.5IVxZInW5tDLewbmYdZRu','胡杰','student00026@university.edu','student','2025-05-08 11:53:48'),
(31,'student00027','$2b$10$1SbqtIHDWPC4sPU8GM5lEu0BwoNy5dA.5IVxZInW5tDLewbmYdZRu','林娜','student00027@university.edu','student','2025-05-08 11:53:48'),
(32,'student00028','$2b$10$1SbqtIHDWPC4sPU8GM5lEu0BwoNy5dA.5IVxZInW5tDLewbmYdZRu','杨强','student00028@university.edu','student','2025-05-08 11:53:48'),
(33,'student00029','$2b$10$1SbqtIHDWPC4sPU8GM5lEu0BwoNy5dA.5IVxZInW5tDLewbmYdZRu','赵磊','student00029@university.edu','student','2025-05-08 11:53:48'),
(34,'student00030','$2b$10$1SbqtIHDWPC4sPU8GM5lEu0BwoNy5dA.5IVxZInW5tDLewbmYdZRu','王霞','student00030@university.edu','student','2025-05-08 11:53:48'),
(35,'student00031','$2b$10$1SbqtIHDWPC4sPU8GM5lEu0BwoNy5dA.5IVxZInW5tDLewbmYdZRu','郭涛','student00031@university.edu','student','2025-05-08 11:53:48'),
(36,'student00032','$2b$10$1SbqtIHDWPC4sPU8GM5lEu0BwoNy5dA.5IVxZInW5tDLewbmYdZRu','胡强','student00032@university.edu','student','2025-05-08 11:53:48'),
(37,'student00033','$2b$10$1SbqtIHDWPC4sPU8GM5lEu0BwoNy5dA.5IVxZInW5tDLewbmYdZRu','周霞','student00033@university.edu','student','2025-05-08 11:53:48'),
(38,'student00034','$2b$10$1SbqtIHDWPC4sPU8GM5lEu0BwoNy5dA.5IVxZInW5tDLewbmYdZRu','周磊','student00034@university.edu','student','2025-05-08 11:53:48'),
(39,'student00035','$2b$10$1SbqtIHDWPC4sPU8GM5lEu0BwoNy5dA.5IVxZInW5tDLewbmYdZRu','黄勇','student00035@university.edu','student','2025-05-08 11:53:48'),
(40,'student00036','$2b$10$1SbqtIHDWPC4sPU8GM5lEu0BwoNy5dA.5IVxZInW5tDLewbmYdZRu','何强','student00036@university.edu','student','2025-05-08 11:53:48'),
(41,'student00037','$2b$10$1SbqtIHDWPC4sPU8GM5lEu0BwoNy5dA.5IVxZInW5tDLewbmYdZRu','罗霞','student00037@university.edu','student','2025-05-08 11:53:48'),
(42,'student00038','$2b$10$1SbqtIHDWPC4sPU8GM5lEu0BwoNy5dA.5IVxZInW5tDLewbmYdZRu','张强','student00038@university.edu','student','2025-05-08 11:53:48'),
(43,'student00039','$2b$10$1SbqtIHDWPC4sPU8GM5lEu0BwoNy5dA.5IVxZInW5tDLewbmYdZRu','周娟','student00039@university.edu','student','2025-05-08 11:53:48'),
(44,'student00040','$2b$10$1SbqtIHDWPC4sPU8GM5lEu0BwoNy5dA.5IVxZInW5tDLewbmYdZRu','吴超','student00040@university.edu','student','2025-05-08 11:53:48'),
(45,'student00041','$2b$10$1SbqtIHDWPC4sPU8GM5lEu0BwoNy5dA.5IVxZInW5tDLewbmYdZRu','王明','student00041@university.edu','student','2025-05-08 11:53:48'),
(46,'student00042','$2b$10$1SbqtIHDWPC4sPU8GM5lEu0BwoNy5dA.5IVxZInW5tDLewbmYdZRu','胡静','student00042@university.edu','student','2025-05-08 11:53:48'),
(47,'student00043','$2b$10$1SbqtIHDWPC4sPU8GM5lEu0BwoNy5dA.5IVxZInW5tDLewbmYdZRu','黄明','student00043@university.edu','student','2025-05-08 11:53:48'),
(48,'student00044','$2b$10$1SbqtIHDWPC4sPU8GM5lEu0BwoNy5dA.5IVxZInW5tDLewbmYdZRu','李平','student00044@university.edu','student','2025-05-08 11:53:48'),
(49,'student00045','$2b$10$1SbqtIHDWPC4sPU8GM5lEu0BwoNy5dA.5IVxZInW5tDLewbmYdZRu','高洋','student00045@university.edu','student','2025-05-08 11:53:48'),
(50,'student00046','$2b$10$1SbqtIHDWPC4sPU8GM5lEu0BwoNy5dA.5IVxZInW5tDLewbmYdZRu','徐娜','student00046@university.edu','student','2025-05-08 11:53:48'),
(51,'student00047','$2b$10$1SbqtIHDWPC4sPU8GM5lEu0BwoNy5dA.5IVxZInW5tDLewbmYdZRu','马娜','student00047@university.edu','student','2025-05-08 11:53:48'),
(52,'student00048','$2b$10$1SbqtIHDWPC4sPU8GM5lEu0BwoNy5dA.5IVxZInW5tDLewbmYdZRu','林超','student00048@university.edu','student','2025-05-08 11:53:48'),
(53,'student00049','$2b$10$1SbqtIHDWPC4sPU8GM5lEu0BwoNy5dA.5IVxZInW5tDLewbmYdZRu','李霞','student00049@university.edu','student','2025-05-08 11:53:48'),
(54,'student00050','$2b$10$1SbqtIHDWPC4sPU8GM5lEu0BwoNy5dA.5IVxZInW5tDLewbmYdZRu','林军','student00050@university.edu','student','2025-05-08 11:53:48'),
(55,'student00051','$2b$10$1SbqtIHDWPC4sPU8GM5lEu0BwoNy5dA.5IVxZInW5tDLewbmYdZRu','吴明','student00051@university.edu','student','2025-05-08 11:53:48'),
(56,'student00052','$2b$10$1SbqtIHDWPC4sPU8GM5lEu0BwoNy5dA.5IVxZInW5tDLewbmYdZRu','赵洋','student00052@university.edu','student','2025-05-08 11:53:48'),
(57,'student00053','$2b$10$1SbqtIHDWPC4sPU8GM5lEu0BwoNy5dA.5IVxZInW5tDLewbmYdZRu','刘平','student00053@university.edu','student','2025-05-08 11:53:48'),
(58,'student00054','$2b$10$1SbqtIHDWPC4sPU8GM5lEu0BwoNy5dA.5IVxZInW5tDLewbmYdZRu','陈超','student00054@university.edu','student','2025-05-08 11:53:48'),
(59,'student00055','$2b$10$1SbqtIHDWPC4sPU8GM5lEu0BwoNy5dA.5IVxZInW5tDLewbmYdZRu','胡秀英','student00055@university.edu','student','2025-05-08 11:53:48'),
(60,'student00056','$2b$10$1SbqtIHDWPC4sPU8GM5lEu0BwoNy5dA.5IVxZInW5tDLewbmYdZRu','高伟','student00056@university.edu','student','2025-05-08 11:53:48'),
(61,'student00057','$2b$10$1SbqtIHDWPC4sPU8GM5lEu0BwoNy5dA.5IVxZInW5tDLewbmYdZRu','林伟','student00057@university.edu','student','2025-05-08 11:53:48'),
(62,'student00058','$2b$10$1SbqtIHDWPC4sPU8GM5lEu0BwoNy5dA.5IVxZInW5tDLewbmYdZRu','朱霞','student00058@university.edu','student','2025-05-08 11:53:48'),
(63,'student00059','$2b$10$1SbqtIHDWPC4sPU8GM5lEu0BwoNy5dA.5IVxZInW5tDLewbmYdZRu','朱静','student00059@university.edu','student','2025-05-08 11:53:48'),
(64,'student00060','$2b$10$1SbqtIHDWPC4sPU8GM5lEu0BwoNy5dA.5IVxZInW5tDLewbmYdZRu','李芳','student00060@university.edu','student','2025-05-08 11:53:48'),
(65,'student00061','$2b$10$1SbqtIHDWPC4sPU8GM5lEu0BwoNy5dA.5IVxZInW5tDLewbmYdZRu','黄涛','student00061@university.edu','student','2025-05-08 11:53:48'),
(66,'student00062','$2b$10$1SbqtIHDWPC4sPU8GM5lEu0BwoNy5dA.5IVxZInW5tDLewbmYdZRu','高敏','student00062@university.edu','student','2025-05-08 11:53:48'),
(67,'student00063','$2b$10$1SbqtIHDWPC4sPU8GM5lEu0BwoNy5dA.5IVxZInW5tDLewbmYdZRu','林明','student00063@university.edu','student','2025-05-08 11:53:48'),
(68,'student00064','$2b$10$1SbqtIHDWPC4sPU8GM5lEu0BwoNy5dA.5IVxZInW5tDLewbmYdZRu','何洋','student00064@university.edu','student','2025-05-08 11:53:48'),
(69,'student00065','$2b$10$1SbqtIHDWPC4sPU8GM5lEu0BwoNy5dA.5IVxZInW5tDLewbmYdZRu','孙秀英','student00065@university.edu','student','2025-05-08 11:53:48'),
(70,'student00066','$2b$10$1SbqtIHDWPC4sPU8GM5lEu0BwoNy5dA.5IVxZInW5tDLewbmYdZRu','罗娟','student00066@university.edu','student','2025-05-08 11:53:48'),
(71,'student00067','$2b$10$1SbqtIHDWPC4sPU8GM5lEu0BwoNy5dA.5IVxZInW5tDLewbmYdZRu','张强','student00067@university.edu','student','2025-05-08 11:53:48'),
(72,'student00068','$2b$10$1SbqtIHDWPC4sPU8GM5lEu0BwoNy5dA.5IVxZInW5tDLewbmYdZRu','胡娟','student00068@university.edu','student','2025-05-08 11:53:48'),
(73,'student00069','$2b$10$1SbqtIHDWPC4sPU8GM5lEu0BwoNy5dA.5IVxZInW5tDLewbmYdZRu','王杰','student00069@university.edu','student','2025-05-08 11:53:48'),
(74,'student00070','$2b$10$1SbqtIHDWPC4sPU8GM5lEu0BwoNy5dA.5IVxZInW5tDLewbmYdZRu','张涛','student00070@university.edu','student','2025-05-08 11:53:48'),
(75,'student00071','$2b$10$1SbqtIHDWPC4sPU8GM5lEu0BwoNy5dA.5IVxZInW5tDLewbmYdZRu','孙秀英','student00071@university.edu','student','2025-05-08 11:53:48'),
(76,'student00072','$2b$10$1SbqtIHDWPC4sPU8GM5lEu0BwoNy5dA.5IVxZInW5tDLewbmYdZRu','罗娜','student00072@university.edu','student','2025-05-08 11:53:48'),
(77,'student00073','$2b$10$1SbqtIHDWPC4sPU8GM5lEu0BwoNy5dA.5IVxZInW5tDLewbmYdZRu','胡静','student00073@university.edu','student','2025-05-08 11:53:48'),
(78,'student00074','$2b$10$1SbqtIHDWPC4sPU8GM5lEu0BwoNy5dA.5IVxZInW5tDLewbmYdZRu','杨娜','student00074@university.edu','student','2025-05-08 11:53:48'),
(79,'student00075','$2b$10$1SbqtIHDWPC4sPU8GM5lEu0BwoNy5dA.5IVxZInW5tDLewbmYdZRu','何娟','student00075@university.edu','student','2025-05-08 11:53:48'),
(80,'student00076','$2b$10$1SbqtIHDWPC4sPU8GM5lEu0BwoNy5dA.5IVxZInW5tDLewbmYdZRu','朱艳','student00076@university.edu','student','2025-05-08 11:53:48'),
(81,'student00077','$2b$10$1SbqtIHDWPC4sPU8GM5lEu0BwoNy5dA.5IVxZInW5tDLewbmYdZRu','孙静','student00077@university.edu','student','2025-05-08 11:53:48'),
(82,'student00078','$2b$10$1SbqtIHDWPC4sPU8GM5lEu0BwoNy5dA.5IVxZInW5tDLewbmYdZRu','郭磊','student00078@university.edu','student','2025-05-08 11:53:48'),
(83,'student00079','$2b$10$1SbqtIHDWPC4sPU8GM5lEu0BwoNy5dA.5IVxZInW5tDLewbmYdZRu','马涛','student00079@university.edu','student','2025-05-08 11:53:48'),
(84,'student00080','$2b$10$1SbqtIHDWPC4sPU8GM5lEu0BwoNy5dA.5IVxZInW5tDLewbmYdZRu','黄磊','student00080@university.edu','student','2025-05-08 11:53:48'),
(85,'student00081','$2b$10$1SbqtIHDWPC4sPU8GM5lEu0BwoNy5dA.5IVxZInW5tDLewbmYdZRu','李杰','student00081@university.edu','student','2025-05-08 11:53:48'),
(86,'student00082','$2b$10$1SbqtIHDWPC4sPU8GM5lEu0BwoNy5dA.5IVxZInW5tDLewbmYdZRu','高勇','student00082@university.edu','student','2025-05-08 11:53:48'),
(87,'student00083','$2b$10$1SbqtIHDWPC4sPU8GM5lEu0BwoNy5dA.5IVxZInW5tDLewbmYdZRu','周伟','student00083@university.edu','student','2025-05-08 11:53:48'),
(88,'student00084','$2b$10$1SbqtIHDWPC4sPU8GM5lEu0BwoNy5dA.5IVxZInW5tDLewbmYdZRu','徐超','student00084@university.edu','student','2025-05-08 11:53:48'),
(89,'student00085','$2b$10$1SbqtIHDWPC4sPU8GM5lEu0BwoNy5dA.5IVxZInW5tDLewbmYdZRu','高明','student00085@university.edu','student','2025-05-08 11:53:48'),
(90,'student00086','$2b$10$1SbqtIHDWPC4sPU8GM5lEu0BwoNy5dA.5IVxZInW5tDLewbmYdZRu','高静','student00086@university.edu','student','2025-05-08 11:53:48'),
(91,'student00087','$2b$10$1SbqtIHDWPC4sPU8GM5lEu0BwoNy5dA.5IVxZInW5tDLewbmYdZRu','林秀兰','student00087@university.edu','student','2025-05-08 11:53:48'),
(92,'student00088','$2b$10$1SbqtIHDWPC4sPU8GM5lEu0BwoNy5dA.5IVxZInW5tDLewbmYdZRu','黄娟','student00088@university.edu','student','2025-05-08 11:53:48'),
(93,'student00089','$2b$10$1SbqtIHDWPC4sPU8GM5lEu0BwoNy5dA.5IVxZInW5tDLewbmYdZRu','李磊','student00089@university.edu','student','2025-05-08 11:53:48'),
(94,'student00090','$2b$10$1SbqtIHDWPC4sPU8GM5lEu0BwoNy5dA.5IVxZInW5tDLewbmYdZRu','胡洋','student00090@university.edu','student','2025-05-08 11:53:48'),
(95,'student00091','$2b$10$1SbqtIHDWPC4sPU8GM5lEu0BwoNy5dA.5IVxZInW5tDLewbmYdZRu','黄娟','student00091@university.edu','student','2025-05-08 11:53:48'),
(96,'student00092','$2b$10$1SbqtIHDWPC4sPU8GM5lEu0BwoNy5dA.5IVxZInW5tDLewbmYdZRu','徐静','student00092@university.edu','student','2025-05-08 11:53:48'),
(97,'student00093','$2b$10$1SbqtIHDWPC4sPU8GM5lEu0BwoNy5dA.5IVxZInW5tDLewbmYdZRu','周霞','student00093@university.edu','student','2025-05-08 11:53:48'),
(98,'student00094','$2b$10$1SbqtIHDWPC4sPU8GM5lEu0BwoNy5dA.5IVxZInW5tDLewbmYdZRu','张娜','student00094@university.edu','student','2025-05-08 11:53:48'),
(99,'student00095','$2b$10$1SbqtIHDWPC4sPU8GM5lEu0BwoNy5dA.5IVxZInW5tDLewbmYdZRu','高秀英','student00095@university.edu','student','2025-05-08 11:53:48'),
(100,'student00096','$2b$10$1SbqtIHDWPC4sPU8GM5lEu0BwoNy5dA.5IVxZInW5tDLewbmYdZRu','陈芳','student00096@university.edu','student','2025-05-08 11:53:48'),
(101,'student00097','$2b$10$1SbqtIHDWPC4sPU8GM5lEu0BwoNy5dA.5IVxZInW5tDLewbmYdZRu','吴涛','student00097@university.edu','student','2025-05-08 11:53:48'),
(102,'student00098','$2b$10$1SbqtIHDWPC4sPU8GM5lEu0BwoNy5dA.5IVxZInW5tDLewbmYdZRu','张平','student00098@university.edu','student','2025-05-08 11:53:48'),
(103,'student00099','$2b$10$1SbqtIHDWPC4sPU8GM5lEu0BwoNy5dA.5IVxZInW5tDLewbmYdZRu','徐霞','student00099@university.edu','student','2025-05-08 11:53:48'),
(105,'student00101','$2b$10$1SbqtIHDWPC4sPU8GM5lEu0BwoNy5dA.5IVxZInW5tDLewbmYdZRu','郭超','student00101@university.edu','student','2025-05-08 11:53:48'),
(106,'student00102','$2b$10$WD3g3If1PRxb5uAxvywY3.nMadOrUq7iCg9ysO.FlvQB8USszKKzm','朱强','student00102@university.edu','student','2025-05-08 12:26:05'),
(107,'student00103','$2b$10$WD3g3If1PRxb5uAxvywY3.nMadOrUq7iCg9ysO.FlvQB8USszKKzm','张超','student00103@university.edu','student','2025-05-08 12:26:05'),
(108,'student00104','$2b$10$WD3g3If1PRxb5uAxvywY3.nMadOrUq7iCg9ysO.FlvQB8USszKKzm','胡娟','student00104@university.edu','student','2025-05-08 12:26:05'),
(109,'student00105','$2b$10$WD3g3If1PRxb5uAxvywY3.nMadOrUq7iCg9ysO.FlvQB8USszKKzm','林平','student00105@university.edu','student','2025-05-08 12:26:05'),
(110,'student00106','$2b$10$WD3g3If1PRxb5uAxvywY3.nMadOrUq7iCg9ysO.FlvQB8USszKKzm','林超','student00106@university.edu','student','2025-05-08 12:26:05'),
(111,'student00107','$2b$10$WD3g3If1PRxb5uAxvywY3.nMadOrUq7iCg9ysO.FlvQB8USszKKzm','孙霞','student00107@university.edu','student','2025-05-08 12:26:05'),
(112,'student00108','$2b$10$WD3g3If1PRxb5uAxvywY3.nMadOrUq7iCg9ysO.FlvQB8USszKKzm','李敏','student00108@university.edu','student','2025-05-08 12:26:05'),
(113,'student00109','$2b$10$WD3g3If1PRxb5uAxvywY3.nMadOrUq7iCg9ysO.FlvQB8USszKKzm','黄秀兰','student00109@university.edu','student','2025-05-08 12:26:05'),
(114,'student00110','$2b$10$WD3g3If1PRxb5uAxvywY3.nMadOrUq7iCg9ysO.FlvQB8USszKKzm','刘军','student00110@university.edu','student','2025-05-08 12:26:05'),
(115,'student00111','$2b$10$WD3g3If1PRxb5uAxvywY3.nMadOrUq7iCg9ysO.FlvQB8USszKKzm','李秀英','student00111@university.edu','student','2025-05-08 12:26:05'),
(116,'teacher001','$2b$10$0IovtTZdof4VjtL6qKvP4.vcxq6eXmlWC.baw1HjovrDE8LxZwuo6','李老师','222@165.com','teacher','2025-05-08 14:37:40'),
(117,'admin1','$2b$10$S.p3Z3FUjJ9mFPdGIEIxA..wEXAKoSOLamkE3HcmnASIrTXqZj0z2','管理员','admin@university.edu','admin','2025-05-08 15:16:00');

/*!40101 SET SQL_MODE=@OLD_SQL_MODE */;
/*!40014 SET FOREIGN_KEY_CHECKS=@OLD_FOREIGN_KEY_CHECKS */;
/*!40014 SET UNIQUE_CHECKS=@OLD_UNIQUE_CHECKS */;
/*!40111 SET SQL_NOTES=@OLD_SQL_NOTES */;
